Series,Issue,Condition,Orig. MHC Grade,Page Quality,Note,Publication Year,Publisher
4 Most ,2,9.2,NM+ ,OW-W , ,1942,Novelty Press
4 Most ,3,7.5,NM ,OW , ,1942,Novelty Press
4 Most ,4,9.6,NM+ ,W , ,1942,Novelty Press
A Date With Judy ,3,9.6,NM+ ,OW-W , ,1948,D.C. Comics
Ace Comics ,1,7.5,FN ,OW-W ,Slight (A) ,1937,David McKay Publishing
Ace Comics ,41,9,NM ,OW-W , ,1940,David McKay Publishing
Ace Comics ,55,6.5,NM ,W , ,1941,David McKay Publishing
Ace Comics ,71,8.5,NL ,OW-W , ,1943,David McKay Publishing
Ace Comics ,105,9,FN ,CR-OW , ,1945,David McKay Publishing
Ace Comics ,113,7,NM ,W , ,1946,David McKay Publishing
Ace Comics ,115,7.5,NM ,OW-W , ,1946,David McKay Publishing
Action Comics ,24,9.4,NL ,W , ,1940,D.C. Comics
Action Comics ,25,9.6,NL ,W , ,1940,D.C. Comics
Action Comics ,28,9.2,NM ,W , ,1940,D.C. Comics
Action Comics ,30,9.2,NM+ ,OW-W , ,1940,D.C. Comics
Action Comics ,35,9.2,NL ,W , ,1941,D.C. Comics
Action Comics ,38,9,NM+ ,OW-W , ,1941,D.C. Comics
Action Comics ,48,9,NL ,OW-W , ,1942,D.C. Comics
Action Comics ,50,9.4,NL ,W , ,1942,D.C. Comics
Action Comics ,55,9.6,NL , , ,1942,D.C. Comics
Action Comics ,57,8.5,NM ,OW-W , ,1943,D.C. Comics
Action Comics ,59,8.5,NM ,OW-W , ,1943,D.C. Comics
Action Comics ,61,9.4,NM ,W , ,1943,D.C. Comics
Action Comics ,63,9.6,NL ,OW-W , ,1943,D.C. Comics
Action Comics ,64,9.4,NL ,W , ,1943,D.C. Comics
Action Comics ,65,9.4,NM ,W , ,1943,D.C. Comics
Action Comics ,68,9.4,NM+ ,OW-W , ,1943,D.C. Comics
Action Comics ,70,9.8,NL ,OW-W , ,1943,D.C. Comics
Action Comics ,74,9.6,NL ,W , ,1944,D.C. Comics
Action Comics ,77,8.5,NM ,OW-W ,Edge of back cover trimmed ,1944,D.C. Comics
Action Comics ,78,9.6,NM+ ,OW-W , ,1944,D.C. Comics
Action Comics ,81,9.6,NM ,W , ,1945,D.C. Comics
Action Comics ,87,9,NM+ ,OW , ,1945,D.C. Comics
Action Comics ,88,9.4,NM+ , ,Left edge of back cover trimmed , ,D.C. Comics
Action Comics ,92,9.4,NM+ ,OW-W , ,1946,D.C. Comics
Action Comics ,94,9.2,NM+ ,OW-W , ,1946,D.C. Comics
Action Comics ,96,9.8,NM+ ,OW-W , ,1946,D.C. Comics
Action Comics ,98,9.8,NM ,OW-W , ,1946,D.C. Comics
Action Comics ,99,9.6,NM+ ,OW-W , ,1946,D.C. Comics
Action Comics ,102,9.6,NL ,W , ,1946,D.C. Comics
Action Comics ,106,9,NM , , , ,D.C. Comics
Action Comics ,108,9.6,NM+ ,OW , ,1947,D.C. Comics
Action Comics ,112,9.6,NM+ ,OW , ,1947,D.C. Comics
Action Comics ,137,8,NM ,OW-W ,Old grade VF- 7.5 ,1949,D.C. Comics
Action Comics ,150,9,NM ,OW-W , ,1950,D.C. Comics
Action Comics ,151,7.5,NM ,W , ,1950,D.C. Comics
Action Comics ,155,9,NM ,W , ,1951,D.C. Comics
Action Comics ,159,8,NM ,W , ,1951,D.C. Comics
Action Comics ,163,8,NM ,OW-W , ,1951,D.C. Comics
Adventure Comics ,33,9.2,NM+ ,OW-W , ,1938,D.C. Comics
Adventure Comics ,34,9.4,NL ,W , ,1938,D.C. Comics
Adventure Comics ,35,9.2,NM ,OW-W , ,1939,D.C. Comics
Adventure Comics ,36,9.6,NL ,W , ,1939,D.C. Comics
Adventure Comics ,38,7.5,NM ,OW-W , ,1939,D.C. Comics
Adventure Comics ,39,9.6,NL ,OW-W , ,1939,D.C. Comics
Adventure Comics ,40,9.2,NM+ ,OW-W ,Slight (A) ,1939,D.C. Comics
Adventure Comics ,41,9.6,NL ,OW-W , ,1939,D.C. Comics
Adventure Comics ,42,9.4,NL ,OW-W , ,1939,D.C. Comics
Adventure Comics ,43,9.6,NM+ ,OW , ,1939,D.C. Comics
Adventure Comics ,45,9.6,NL ,OW , ,1939,D.C. Comics
Adventure Comics ,48,8.5,NL ,W , ,1940,D.C. Comics
Adventure Comics ,58,9,NL ,OW-W , ,1941,D.C. Comics
Adventure Comics ,61,9.4,NL ,W ,Slight (P) moderate CT tear seal ,1941,D.C. Comics
Adventure Comics ,72,9.8,NL ,W ,Old grade NM+9.6 -  ,1942,D.C. Comics
Adventure Comics ,75,9.4,NL ,W , ,1942,D.C. Comics
Adventure Comics ,76,9.6,NL ,OW-W , ,1942,D.C. Comics
Adventure Comics ,77,9.8,NL ,W , ,1942,D.C. Comics
Adventure Comics ,78,9.2,NL ,W , ,1942,D.C. Comics
Adventure Comics ,79,9.6,NL ,W , ,1942,D.C. Comics
Adventure Comics ,80,9.6,NL ,W , ,1942,D.C. Comics
Adventure Comics ,85,9.2,NL ,W , ,1943,D.C. Comics
Adventure Comics ,89,9.2,NM+ ,W , ,1944,D.C. Comics
Adventure Comics ,90,9.2,NL ,W , ,1944,D.C. Comics
Adventure Comics ,97,9.8,NL ,W , ,1945,D.C. Comics
Adventure Comics ,100,9.2,NL ,OW-W , ,1945,D.C. Comics
Adventure Comics ,103,9.6,NL ,OW-W , ,1946,D.C. Comics
Adventure Comics ,114,7,NL ,OW-W , ,1947,D.C. Comics
Adventure Comics ,119,9.6,NM+ ,W , ,1947,D.C. Comics
Adventure Comics ,143,8,NM ,OW-W , ,1949,D.C. Comics
Air Ace Vol.2 ,1,9,NL ,OW-W , ,1944,Street and Smith
Air Fighters Comics ,1,9.4,NM+ ,OW-W ,Old grade NM- 9.2 ,1941,Hillman Periodicals
Air Fighters Comics ,2,8,NM+ ,OW-W , ,1942,Hillman Periodicals
Air Fighters Comics ,3,9.6,NM+ ,OW-W , ,1942,Hillman Periodicals
Air Fighters Comics ,8,9.6,NM+ ,OW , ,1943,Hillman Periodicals
Air Fighters Comics Vol2 ,1,9,NL ,OW-W , ,1944,Street and Smith
Air Fighters Comics Vol2 ,3,8,NL ,OW , ,1943,Hillman Periodicals
Air Fighters Comics Vol2 ,5,7,NL ,OW , ,1944,Hillman Periodicals
Air Fighters Comics Vol2 ,8,5,FN ,OW , ,1944,Hillman Periodicals
Airboy Comics Vol.6 ,11,9.2,NM+ ,OW-W , ,1949,Hillman Periodicals
Airboy Comics Vol.7 ,2,9.2,NM+ ,OW-W , ,1950,Hillman Periodicals
Airboy Comics Vol.7 ,5,9,NM+ ,OW-W , ,1950,Hillman Periodicals
All American Western ,107,9.8,NM+ ,OW-W , ,1949,D.C. Comics
All American Western ,110,7.5,NM ,OW , ,1949,D.C. Comics
All American Western ,111,8,NL ,W , ,1949,D.C. Comics
All American Western ,117,9.4,NM+ ,W , ,1951,D.C. Comics
All American Western ,118,9.2,FN ,W ,Not CGC graded ,1951,D.C. Comics
All American Western ,120,9.4,NM+ ,W , ,1951,D.C. Comics
All American Western ,124,8.5,NM ,W , ,1952,D.C. Comics
All Flash ,2,9.6,NL ,OW , ,1941,D.C. Comics
All Flash ,3,9.6,NM+ ,OW-W ,Mis-cut ,1941,D.C. Comics
All Flash ,7,8,NM ,W , ,1942,D.C. Comics
All Flash ,12,9.4,NM+ ,OW-W , , ,D.C. Comics
All Flash ,13,7.5,NM+ ,OW-W , ,1943,D.C. Comics
All Flash ,17,9,NM+ ,OW-W , ,1944,D.C. Comics
All Flash ,19,9.4,NM+ ,OW-W , ,1945,D.C. Comics
All Flash ,21,9.4,NM+ ,W ,Mis-cut ,1945,D.C. Comics
All Flash ,22,9.6,NM+ ,OW-W ,Mis-cut ,1946,D.C. Comics
All Flash ,23,9.4,NL ,OW-W , ,1946,D.C. Comics
All Flash ,25,9.4,NM+ ,OW-W , ,1946,D.C. Comics
All Flash ,26,9.6,NM+ ,OW , ,1947,D.C. Comics
All Flash ,27,9.8,NM+ ,OW-W , ,1947,D.C. Comics
All Flash ,28,8.5,NM+ ,OW-W , ,1947,D.C. Comics
All Flash ,29,9.4,NM+ ,OW-W , ,1947,D.C. Comics
All Flash ,32,9,NM ,OW-W , ,1948,D.C. Comics
All Funny Comics ,1,9.6,NM+ ,W , ,1943,D.C. Comics
All Funny Comics ,7,9.4,NM+ ,W , , ,D.C. Comics
All Funny Comics ,8,9,NM+ ,W , ,1945,D.C. Comics
All Funny Comics ,14,8,NM , , , ,D.C. Comics
All Funny Comics ,21,9,NM ,OW-W , ,1948,D.C. Comics
All Good Comics ,1,9.2,NM+ ,OW , ,1946,Fox
All Hero Comics ,1,7,NM ,W , ,1943,Fawcett
All New Comics ,3,9.6,NL ,W , ,1943,Harvey Publications
All New Comics ,4,9.4,NM+ ,OW-W , ,1943,Harvey Publications
All New Comics ,5,9.4,NM+ ,W , ,1943,Harvey Publications
All New Comics ,6,9.6,NM+ ,W , ,1944,Harvey Publications
All New Comics ,8,7.5,NM+ ,W , ,1944,Harvey Publications
All New Comics ,9,9.4,NM+ ,W , ,1944,Harvey Publications
All New Comics ,10,9.2,NM+ ,W , ,1944,Harvey Publications
All New Comics ,14,8.5,FN ,W , ,1947,Harvey Publications
All Star Comics ,1,9.6,NL ,OW-W , ,1940,D.C. Comics
All Star Comics ,2,9.2,NM ,OW-W , , ,
All Star Comics ,3,9.6,NL ,OW-W ,Very minor amount of glue on cover ,1940,D.C. Comics
All Star Comics ,6,9.6,NL ,OW-W , ,1941,D.C. Comics
All Star Comics ,7,9.2,NL ,W , ,1941,
All Star Comics ,10,9.6,NM ,W , ,1942,D.C. Comics
All Star Comics ,11,9.6,NL ,OW-W , ,1942,D.C. Comics
All Star Comics ,12,9.4,NL ,W , ,1942,D.C. Comics
All Star Comics ,14,9.4,NL ,W , ,1943,D.C. Comics
All Star Comics ,15,8.5,NL ,W ,Very minor amount of color touch on cover. Very minor amount of glue on cover ,1943,D.C. Comics
All Star Comics ,17,9.6,NL ,W , , ,D.C. Comics
All Star Comics ,20,9.6,NL ,OW-W , ,1944,D.C. Comics
All Star Comics ,21,9.4,NL ,W , ,1944,D.C. Comics
All Star Comics ,24,9.6,NL ,OW-W , ,1945,D.C. Comics
All Star Comics ,26,9.4,NM+ ,W , ,1945,D.C. Comics
All Star Comics ,29,9.6,NM+ ,W , ,1946,D.C. Comics
All Star Comics ,30,9.6,NM ,W , , ,D.C. Comics
All Star Comics ,33,7.5,FN ,W ,Old grade 6.0 FN OW-W ,1947,D.C. Comics
All Star Comics ,47,9.2,NM+ ,W , ,1949,D.C. Comics
All Star Western ,58,8,NM ,W ,First issue ,1951,D.C. Comics
All Star Western ,62,9.4,NM+ ,W , ,1951,D.C. Comics
All Star Western ,64,9.6,NM+ ,OW-W , ,1952,D.C. Comics
All Top Comics ,1,9.4,NL ,W , ,1945,Fox
Amazing Comics ,1,9.4,NM+ ,OW , ,1944,Timely
Amazing Man Comics ,5,9.4,NL ,OW-W , ,1939,Centaur
Amazing Man Comics ,7,8.5,NM ,OW-W ,Slight (A) ,1939,Centaur
Amazing Man Comics ,8,9,NM+ ,OW , ,1939,Centaur
Amazing Man Comics ,9,9,NM ,OW , ,1940,Centaur
Amazing Mystery Funnies ,2,7,NM ,W , ,1938,Centaur
Amazing Mystery Funnies ,18,8.5,NM ,W , ,1940,Centaur
Amazing Mystery Funnies ,20,7.5,NM ,W , ,1940,Centaur
Amazing Mystery Funnies ,24,9.2,NM+ ,W , , ,
Amazing Mystery Funnies Vol.2 ,1,9,NM ,W , , ,Centaur
Amazing Mystery Funnies Vol.2 ,5,9.2,NM , , , ,Centaur
Amazing Mystery Funnies Vol.2 ,7,8.5,FN ,W ,Slight (P)  ,1939,Centaur
Amazing Mystery Funnies Vol.2 ,12,8.5,NM ,CR-OW ,mis-cut ,1939,Centaur
Amazing Mystery Funnies Vol.3 ,1,6.5,NM ,W , ,1940,Centaur
America's Best Comics ,8,9.2,NM+ ,W , ,1944,Nedor Publications
America's Best Comics ,9,9.6,NM+ ,OW-W , ,1944,Nedor Publications
America's Best Comics ,10,9.2,NM+ ,OW , ,1944,Nedor Publications
America's Best Comics ,14,9.8,NM+ ,W ,Slight mis-cut ,1945,Nedor Publications
America's Best Comics ,16,9,NM+ ,OW-W , ,1946,Nedor Publications
America's Best Comics ,17,9.2,NM+ ,OW-W , ,1946,Nedor Publications
America's Best Comics ,18,9.4,NM+ ,OW ,Old grade NM- 9.2 double copy? or fake  ,1946,Nedor Publications
America's Best Comics ,19,9.2,NM+ ,OW-W , ,1946,Nedor Publications
America's Best Comics ,21,9.2,NM ,OW-W , ,1947,Nedor Publications
America's Best Comics ,22,9.6,NM ,W ,Old grade NM- 9.2 ,1949,Nedor Publications
America's Best Comics ,29,9.6,NM+ ,W ,Old grade NM- 9.2 ,1949,Nedor Publications
America's Greatest Comics ,1,9.4,NL ,W , ,1941,Fawcett
America's Greatest Comics ,8,9.6,NM+ ,OW-W , ,1943,Fawcett
Atomic Comics ,1,9.4,NM+ ,OW , ,1946,Green Publications
Atomic Thunderbolt ,1,7.5,NM+ ,OW , ,1946,Regor
Attack on Planet Mars ,0,9,NM+ ,OW-W ,#nn ,1951,Avon
Authentic Police Cases ,13,9.4,NM+ ,OW-W , ,1951,St. John Publications
Baffling Mysteries ,9,9.2,NM+ ,OW-W , , ,Ace Periodicals
Bang-Up Comics ,1,9.2,NL ,W , ,1941,Progressive Publishers
Batman ,28,9.2,NM+ ,W , ,1945,D.C. Comics
Batman ,39,9.2,NM+ , , , ,D.C. Comics
Batman ,41,9.6,NM+ ,OW-W , , ,D.C. Comics
Best of the West ,1,6.5,NM+ ,OW-W , ,1951,Magazine Enterprises
Big 3 ,7,8,NM ,OW ,Very minor amount of glue on cover ,1942,Fox
Big Shot Comics ,2,7,NM+ ,OW-W , ,1940,Columbia Comics
Big Shot Comics ,28,9.2,FN ,OW ,Apparent - cover cleaned , ,
Big Town ,3,5,GD ,CR-OW , ,1951,D.C. Comics
Big Town ,6,9.2,NM+ ,OW-W , ,1951,D.C. Comics
Big Town ,8,9.6,NM+ ,OW-W , ,1951,D.C. Comics
Big Town ,10,9.6,NM+ ,OW-W , ,1951,D.C. Comics
Big Town ,11,9.6,NM+ ,W , ,1951,D.C. Comics
Big Town ,24,7,NL ,OW , ,1953,D.C. Comics
Big Town ,28,7.5,NL ,CR-OW , ,1954,D.C. Comics
Bill Barnes Comics ,2,9,NM ,OW-W , ,1941,Street and Smith
Bill Barnes Comics ,3,8.5,NM ,OW-W , ,1941,Street and Smith
Bill Barnes Comics ,11,8,NL ,OW-W , ,1943,Street and Smith
Billy West ,2,9.4,NM+ ,OW-W , ,1949,Standard
Billy West ,4,9,NM+ ,OW-W , ,1949,Standard
Billy West ,5,9.4,NM+ ,OW-W , ,1950,Standard
Billy West ,6,8,NM+ ,OW-W , ,1950,Standard
Black Hood ,9,9.2,NM ,W , ,1943,MLJ
Black Rider ,8,6.5,FN ,W ,#1 first issue ,1950,Atlas
Black Rider ,9,9,NM+ ,OW-W , ,1950,Atlas
Black Rider ,10,8.5,NM ,OW , ,1950,Atlas
Blackhawk ,9,9.8,NM+ ,OW-W ,double copy ,1944,Quality Comics
Blackhawk ,9,9.6,NM ,OW-W ,Old grade NM- 9.2 ,1944,D.C. Comics
Blackhawk ,10,9.6,NM+ ,W , ,1946,Quality Comics
Blackhawk ,11,9.4,NM+ ,W , , ,Quality Comics
Blackhawk ,12,9.6,NM+ ,OW-W , , ,Quality Comics
Blackhawk ,13,9.4,NM+ ,OW-W , , ,Quality Comics
Blackhawk ,14,9.6,NM+ ,OW-W , , ,Quality Comics
Blackhawk ,15,9.4,NM+ ,OW-W , , ,Quality Comics
Blackhawk ,16,9.6,NM+ ,W , , ,Quality Comics
Blackhawk ,17,9.6,NM+ ,OW-W , ,1947,Quality Comics
Blackhawk ,18,9.4,NM+ ,OW , , ,Quality Comics
Blackhawk ,19,9.4,VG ,OW , , ,Quality Comics
Blackhawk ,20,9.2,NM+ ,OW-W , ,1948,Quality Comics
Blue Beetle ,1,9.2,NG ,OW-W ,Slight (P) ,1939,Fox
Blue Beetle ,8,9,NM ,OW-W , ,1941,Fox
Blue Beetle ,32,9.4,NM+ ,OW-W , ,1944,Fox
Blue Beetle ,45,9,NL ,OW-W , ,1947,Fox
Blue Beetle ,46,9.4,NL ,OW-W , ,1946,Fox
Blue Beetle ,47,9.6,NL ,OW-W , ,1947,Fox
Blue Beetle ,49,9.4,NL ,W , ,1947,Fox
Blue Beetle ,50,9.4,NL ,OW-W ,Slight mis-cut ,1947,Fox
Blue Beetle ,51,9.6,NL ,OW-W , ,1947,Fox
Blue Beetle ,52,9.6,NL ,OW-W , ,1948,Fox
Blue Beetle ,54,9.4,NL ,W , ,1948,Fox
Blue Beetle ,55,9.6,NL ,W , ,1948,Fox
Blue Beetle ,56,9.2,NL ,OW , ,1948,Fox
Blue Beetle ,57,9.2,NL ,OW , ,1948,Fox
Blue Beetle ,59,8.5,NL ,OW-W ,very minor amount of glue on cover ,1950,Fox
Blue Bolt ,1,9,NM ,W , ,1940,Novelty Press
Blue Bolt ,2,9.6,NM+ ,W , ,1940,Novelty Press
Blue Bolt ,3,8,FN ,OW-W , ,1940,Novelty Press
Blue Bolt ,4,9.2,NM ,OW-W , ,1940,Novelty Press
Blue Bolt ,5,8.5,NM+ ,OW-W , ,1940,Novelty Press
Blue Bolt ,6,9.2,NM+ ,W , ,1940,Novelty Press
Blue Bolt ,7,9.2,NM ,OW , ,1940,Novelty Press
Blue Bolt ,10,9,NM ,W , ,1941,Novelty Press
Blue Bolt ,11,9.4,NM+ ,W , ,1941,Novelty Press
Blue Bolt ,12,9.4,NM+ ,OW-W , ,1941,Novelty Press
Blue Bolt (Star Publications) ,102,9.2,NL ,OW-W , ,1949,Star Publications
Blue Bolt Vol.2 ,1,7,NL ,OW-W , ,1941,Novelty Press
Blue Bolt Vol.2 ,2,9.4,NM ,W , ,1941,Novelty Press
Blue Bolt Vol.2 ,5,8,NM+ ,OW-W ,Small piece of tape on cover ,1941,Novelty Press
Blue Bolt Vol.2 ,7,9.4,NM+ ,OW-W , ,1941,Novelty Press
Blue Bolt Vol.2 ,8,9.4,NM+ ,OW-W , ,1942,Novelty Press
Blue Bolt Vol.2 ,9,7.5,NM ,OW-W , ,1942,Novelty Press
Blue Bolt Vol.2 ,11,9.6,NM+ ,W ,Old grade NM 9.4 ,1942,Novelty Press
Blue Bolt Vol.3 ,2,9,NM ,W , ,1942,Novelty Press
Blue Bolt Vol.3 ,4,9,NM+ ,OW , ,1942,Novelty Press
Blue Bolt Vol.3 ,5,9.2,NM+ ,OW-W , ,1942,Novelty Press
Blue Bolt Vol.3 ,6,8.5,NM+ ,W , ,1942,Novelty Press
Blue Bolt Vol.3 ,7,9.8,NM+ ,W , ,1942,Novelty Press
Blue Bolt Vol.3 ,8,9.4,NM+ ,W , ,1943,Novelty Press
Blue Bolt Vol.3 ,9,9.2,NM+ ,W , ,1943,Novelty Press
Blue Bolt Vol.3 ,10,9.4,NM ,W , ,1943,Novelty Press
Blue Bolt Vol.3 ,11,9.6,NM+ ,OW-W , ,1943,Novelty Press
Blue Bolt Vol.3 ,12,9.6,NM ,OW-W , ,1943,Novelty Press
Boy Comics ,3,8,FN ,OW-W , ,1942,Lev Gleason
Boy Comics ,4,9.4,NM ,W ,Old grade VF/NM9.0 ,1942,Lev Gleason
Boy Comics ,17,7.5,NM ,W ,Old grade VG 4.0 ,1944,Lev Gleason
Boy Commandos ,1,9.4,NM+ ,W , ,1942,D.C. Comics
Boy Commandos ,2,9.4,NM+ ,W , ,1943,D.C. Comics
Boy Commandos ,3,9.4,NM+ ,OW-W , ,1943,D.C. Comics
Boy Commandos ,7,9.6,NM+ ,OW-W , ,1944,D.C. Comics
Boy Commandos ,8,9.4,NM+ ,OW-W , ,1944,D.C. Comics
Boy Commandos ,9,8.5,NM ,OW-W , ,1944,D.C. Comics
Boy Commandos ,10,9.6,NM+ ,OW-W , ,1945,D.C. Comics
Boy Commandos ,11,9.6,NM+ ,OW-W , ,1945,D.C. Comics
Boy Commandos ,13,9.6,NM+ ,OW-W , ,1945,D.C. Comics
Boy Commandos ,17,9.4,NM+ ,W , ,1946,D.C. Comics
Boy Commandos ,22,8.5,NM+ ,W , ,1947,D.C. Comics
Boy Commandos ,27,9.2,NM+ ,OW-W , ,1948,D.C. Comics
Boy Commandos ,28,9.4,NM+ ,OW-W , ,1948,D.C. Comics
Boys' Ranch ,6,8.5,NM+ ,OW-W , ,1951,Harvey Publications
Brenda Starr ,1,8.5,NL ,W ,Vol.1 N13 ,1947,Four Star
Brenda Starr ,2,9.4,NL ,OW ,Vol.1 N14 ,1948,Four Star
Brenda Starr ,3,9.2,NM+ ,OW-W ,Slight (P) small tear seals on last 3 pages ,1948,Superior Comics
Brenda Starr ,4,8.5,NM+ ,OW-W , ,1948,Superior Comics
Brenda Starr ,5,9.2,NM+ ,W , ,1948,Superior Comics
Brenda Starr ,6,8,NM+ ,OW-W , ,1949,Superior Comics
Brenda Starr ,7,8,NM ,OW-W , ,1949,Superior Comics
Brenda Starr ,8,9.2,NM+ ,OW-W , ,1949,Superior Comics
Brenda Starr ,9,9.6,NM+ ,OW-W , ,1949,Superior Comics
Brenda Starr ,10,9.8,NM+ ,OW-W , ,1949,Superior Comics
Brenda Starr ,11,9.2,NM+ ,W , ,1949,Superior Comics
Broncho Bill ,9,9.8,NM+ , , , ,
Broncho Bill ,10,9.4,NM+ , ,Graded by Metropoliscomics.com not CGC , ,
Broncho Bill ,11,9.4,NM+ , ,Graded by Metropoliscomics.com not CGC , ,
Bruce Gentry ,2,9,NM+ ,OW , ,1948,Superior Comics
Bruce Gentry ,3,8.5,NM+ ,OW-W ,Old grade VF/NM 9.0 ,1949,Superior Comics
Buccaneers ,25,9,NM ,OW ,Old grade VF8.0 ,1951,Quality Comics
Buck Rogers ,2,9.8,NM+ ,W , ,1941,Eastern Color
Buck Rogers ,3,9.6,NM ,W , ,1941,Eastern Color
Buck Rogers ,4,9.6,NM+ ,OW-W , ,1942,Eastern Color
Buck Rogers ,5,9.6,NM+ ,OW-W , ,1943,Eastern Color
Buck Rogers ,6,9.4,NM ,OW-W , ,1943,Eastern Color
Bulletman ,1,8,NM ,OW , ,1941,Fawcett
Bulletman ,2,9.4,NM+ ,OW , ,1941,Fawcett
Bulletman ,5,9.8,NM+ ,OW-W , , ,Fawcett
Bulletman ,7,9.4,NM ,OW-W ,Old grade NM-9.2 OW ,1942,Fawcett
Bulletman ,9,9.4,NM+ ,W ,Old grade NM-9.2 ,1942,Fawcett
Bulletman ,11,9.8,NM ,W ,Qualified ,1943,Fawcett
Bulletman ,12,9.2,NM+ ,OW-W ,6 siamese pages ,1943,Fawcett
Buz Sawyer ,1,9,NL ,W , ,1948,Standard
Buzzy ,5,9.6,NM+ ,OW-W , , ,D.C. Comics
Buzzy ,6,9.6,NM ,OW-W , , ,D.C. Comics
Buzzy ,10,8,NM , , , ,D.C. Comics
Buzzy ,24,8,VG , , , ,D.C. Comics
Calling All Girls ,3,9,NL ,OW-W , ,1942,Parents' Magazine Institute
Campus Loves ,2,9.6,NM+ ,OW ,Old grade NM 9.4 ,1950,Quality Comics
Canteen Kate ,1,9,NM+ ,OW-W , ,1952,St. John Publications
Captain Aero Comics ,1,9.6,NM+ ,OW-W ,Old grade NM- 9.2 ,1941,Holyoke Publications
Captain Aero Comics ,24,9.4,NM+ ,OW-W , , ,Holyoke Publications
Captain America Comics ,1,9,NM/NM+ ,OW ,Slight (P) ,1941,Timely
Captain America Comics ,33,6,FN ,OW , ,1943,Timely
Captain Battle ,1,9.2,NM+ ,W , ,1941,New Friday Publications
Captain Easy ,15,9.6,NM+ ,OW ,Double cover 1st cover 9.2 interior 9.6 ,1949,Standard
Captain Flight ,5,6.5,NM+ ,OW-W ,very minor amount of color touch ,1944,Four Star
Captain Marvel Adventures ,24,9.4,NM+ ,OW-W , ,1943,Fawcett
Captain Marvel Adventures ,29,9.4,NM+ ,OW-W , ,1943,Fawcett
Captain Marvel Adventures ,38,9.4,NM+ ,OW-W , ,1944,Fawcett
Captain Marvel Adventures ,70,7.5,NM ,OW-W , ,1947,Fawcett
Captain Marvel Story Book ,4,3.5,FN ,W ,Last issue ,1949,Fawcett
Captain Midnight ,1,7.5,NM+ ,OW , ,1942,Fawcett
Captain Midnight ,2,9.6,NM+ ,OW , ,1942,Fawcett
Captain Midnight ,3,9.4,NM+ ,W , ,1942,Fawcett
Captain Midnight ,4,9.2,NM+ ,W , ,1943,Fawcett
Captain Midnight ,5,9.6,NM+ ,W , ,1943,Fawcett
Captain Midnight ,7,9.6,NM+ ,W , ,1943,Fawcett
Captain Midnight ,8,9.2,NM ,W ,Old grade VF+ 8.5 ,1943,Fawcett
Captain Midnight ,10,9,NM ,OW , ,1943,Fawcett
Captain Midnight ,13,9.6,NM+ ,OW-W , ,1943,Fawcett
Captain Midnight ,14,9.4,NM+ ,OW-W , ,1943,Fawcett
Captain Midnight ,15,9.6,NM+ ,W , ,1943,Fawcett
Captain Midnight ,16,8,NM ,OW-W , ,1944,Fawcett
Captain Midnight ,18,9.4,NM+ ,W , ,1944,Fawcett
Captain Midnight ,19,9.4,NM+ ,OW , ,1944,Fawcett
Captain Midnight ,20,9.4,NM+ ,OW-W , ,1944,Fawcett
Captain Midnight ,21,9.4,NM+ ,W , ,1944,Fawcett
Captain Midnight ,22,9.4,NM+ ,W , ,1944,Fawcett
Captain Midnight ,23,9.4,NM+ ,W , ,1944,Fawcett
Captain Midnight ,24,9.4,NM+ ,OW , ,1944,Fawcett
Captain Midnight ,25,8.5,NM ,OW , ,1944,Fawcett
Captain Midnight ,26,9.6,NM+ ,OW-W , ,1944,Fawcett
Captain Midnight ,32,9.6,NM+ ,OW , ,1945,Fawcett
Captain Midnight ,33,9.8,NM+ ,W , ,1945,Fawcett
Captain Midnight ,38,9.6,NM+ ,OW-W , ,1946,Fawcett
Captain Midnight ,41,9.2,NM+ ,OW ,Old grade 7.0 FN/VF OW-W ,1946,Fawcett
Captain Midnight ,42,9.6,NM+ ,OW-W , ,1946,Fawcett
Captain Midnight ,44,9.4,NM+ ,OW , ,1946,Fawcett
Captain Midnight ,45,9.2,NM+ ,OW-W , ,1946,Fawcett
Captain Midnight ,48,8.5,NM+ ,OW-W , ,1947,Fawcett
Captain Midnight ,50,9.2,NM+ ,OW-W , ,1947,Fawcett
Captain Midnight ,52,9.4,NM+ ,OW , ,1947,Fawcett
Captain Midnight ,53,9.4,NM+ ,OW-W , ,1947,Fawcett
Captain Midnight ,54,7.5,NM ,OW-W , ,1947,Fawcett
Captain Midnight ,55,9.6,NM+ ,OW-W , ,1947,Fawcett
Captain Midnight ,56,9.4,NM+ ,OW-W , ,1947,Fawcett
Captain Midnight ,57,9.2,NM+ ,W , ,1947,Fawcett
Captain Midnight ,59,9.4,NM+ ,OW , ,1948,Fawcett
Captain Midnight ,62,9.4,NM+ ,OW-W , ,1948,Fawcett
Catman Comics ,2,9,NM ,CR-OW , ,1941,Holyoke Publications
Catman Comics ,4,9,NM+ ,OW , ,1941,Holyoke Publications
Catman Comics ,5,7.5,NM ,OW , ,1941,Holyoke Publications
Catman Comics ,10,8,NM ,OW , ,1942,Holyoke Publications
Catman Comics ,11,9,NM+ ,OW ,Slight (A ,1942,Holyoke Publications
Catman Comics ,12,8.5,NM ,OW-W , ,1942,Holyoke Publications
Catman Comics ,15,9,NM ,OW , ,1942,Holyoke Publications
Catman Comics ,18,9.2,NL ,OW-W , ,1943,Holyoke Publications
Catman Comics ,21,9,NM+ ,OW-W , ,1943,Holyoke Publications
Catman Comics ,23,9.4,NM+ ,W , ,1944,Holyoke Publications
Catman Comics ,26,9.2,NL ,W , ,1944,Holyoke Publications
Cavalier Comics ,2,8.5,NM ,OW-W , ,1945,A.W. Nugent
Chilling Tales ,15,8.5,NM+ ,OW ,Not CGC graded--ComicCollectors.Net grade VF+ 8.5 ,1953,Youtful Magazines
Circus the Comic Riot ,1,4,VG ,W , ,1938,Globe Syndicate
Classics Illustrated ,45,6,NL ,OW-W , ,1948,Gilberton
Comic Cavalcade ,1,7,FN ,W ,Very minor amount of CT and glue on cover ,1942,D.C. Comics
Comic Cavalcade ,8,9.6,NM+ ,W , ,1944,D.C. Comics
Comic Cavalcade ,12,3.5,FN ,W , ,1945,D.C. Comics
Comic Cavalcade ,13,8,FN ,OW-W , ,1945,D.C. Comics
Comic Cavalcade ,14,7.5,FN ,W , ,1946,D.C. Comics
Comic Cavalcade ,15,7,FN ,OW-W , ,1946,D.C. Comics
Comic Cavalcade ,18,9.4,FN ,W ,Old grade VF-7.5 ,1946,D.C. Comics
Comic Cavalcade ,20,7,FN ,W , ,1947,D.C. Comics
Comic Cavalcade ,22,6.5,FR ,W , ,1947,D.C. Comics
Comic Cavalcade ,23,8,FN ,W , ,1947,D.C. Comics
Comic Cavalcade ,29,7.5,FN ,OW , ,1948,D.C. Comics
Comics On Parade ,9,6,FN ,OW-W , ,1938,United Features Syndicate
Comics On Parade ,12,8.5,NM ,OW-W , ,1939,United Features Syndicate
Comics On Parade ,13,9,NM ,OW , ,1939,United Features Syndicate
Comics On Parade ,14,7,FN ,OW-W , ,1939,United Features Syndicate
Comics On Parade ,16,8,NM ,W , ,1939,United Features Syndicate
Comics On Parade ,29,6,FN ,W , ,1940,United Features Syndicate
Comics On Parade ,37,5.5,FN ,OW-W , ,1942,United Features Syndicate
Comics On Parade ,40,7,NM ,W , ,1943,United Features Syndicate
Confessions of Love ,12,7.5,NL ,OW , ,1952,Star Publications
Congo Bill ,2,8,FN ,OW , ,1954,D.C. Comics
Congo Bill ,6,9,NM ,W , ,1955,D.C. Comics
Cowboy Western ,19,9,NM+ ,W , ,1948,Charlton Comics
Cowgirl Romances ,1,9.4,NM+ ,W ,2 copies?????? ,1950,Fiction House
Cowgirl Romances ,1,9,NL? ,W ,2 copies???????  ,1950,Fiction House
Cowgirl Romances ,11,9,NM+ ,W , ,1952,Fiction House
Crack Comics ,29,9.6,NM+ ,W , ,1943,Quality Comics
Crack Comics ,55,9,FN ,OW-W , ,1948,Quality Comics
Crack Western ,65,9.6,NM ,OW , ,1950,Quality Comics
Crack Western ,69,8.5,NM+ ,W , ,1950,Quality Comics
Crack Western ,71,9.2,NM ,OW-W , ,1951,Quality Comics
Crackajack Funnies ,1,9.8,NM+ ,W , ,1938,Dell
Crackajack Funnies ,3,9.4,NM ,W , ,1938,Dell
Crackajack Funnies ,5,8.5,NM+ ,W , ,1938,Dell
Crackajack Funnies ,7,9.4,NM ,OW-W , ,1938,Dell
Crackajack Funnies ,9,9.8,NM+ ,OW-W , ,1939,Dell
Crackajack Funnies ,10,9.6,NM+ ,OW-W , ,1939,Dell
Crackajack Funnies ,12,5.5,NM ,OW-W , ,1939,Dell
Crackajack Funnies ,14,5,FN ,OW-W ,Qualified- Incomplete  Centerfold missing ,1939,Dell
Crackajack Funnies ,15,4.5,FN ,OW , ,1939,Dell
Crackajack Funnies ,16,4,NM ,OW-W ,18th page torn in half and re-attached with 3 pieces of tape ,1939,Dell
Crackajack Funnies ,18,5.5,FN ,OW , ,1939,Dell
Crackajack Funnies ,21,7,NM ,OW-W , ,1940,Dell
Crackajack Funnies ,24,6.5,NM ,W , ,1940,Dell
Crackajack Funnies ,26,9.6,NM+ ,OW-W , ,1940,Dell
Crackajack Funnies ,30,9.6,NM+ ,OW , ,1940,Dell
Crackajack Funnies ,31,9.4,NM+ ,OW , ,1941,Dell
Crackajack Funnies ,32,9.6,NM+ ,OW-W , ,1941,Dell
Crackajack Funnies ,35,6,NM ,OW , ,1941,Dell
Crackajack Funnies ,36,9,NM ,OW , ,1941,Dell
Crackajack Funnies ,42,8,NM ,OW-W , ,1942,Dell
Crackajack Funnies ,43,9,NM+ ,OW-W , ,1942,Dell
Crime Does Not Pay ,35,9.2,NM ,OW-W , ,1944,Lev Gleason
Crime Smashers ,5,6.5,FN ,OW-W , ,1951,Ribage Publishing
Crime SuspenStories ,4,9.4,FN ,W , ,1951,EC
Crime-Fighting Detective ,18,6,NM ,W , ,1952,Star Publications
Crimes by Women ,1,9.2,NL ,OW-W , ,1948,Fox
Crimes by Women ,6,8,NL ,OW ,Old grade VF- 7.5 ,1949,Fox
Cyclone Comics ,1,9.6,NM+ ,W ,Old grade NM- 9.2 ,1940,Bilbara Publishing Co.
Cyclone Comics ,2,9.2,NM+ ,W ,Old grade VF+ 8.5 ,1940,Bilbara Publishing Co.
Cyclone Comics ,4,9,NM ,W , ,1940,Bilbara Publishing Co.
Dale Evans Comics ,1,9.4,NM+ ,OW-W , ,1948,D.C. Comics
Dale Evans Comics ,4,9.6,NM+ ,OW-W ,Old grade NM- 9.2 ,1949,D.C. Comics
Dale Evans Comics ,5,9.2,NM+ ,W , ,1949,D.C. Comics
Dale Evans Comics ,6,9.8,NM+ ,W , ,1949,D.C. Comics
Dale Evans Comics ,7,9.2,NM+ ,OW-W , ,1949,D.C. Comics
Dale Evans Comics ,8,9.6,NM+ ,OW-W , ,1949,D.C. Comics
Dale Evans Comics ,9,9.4,NM+ ,OW-W , ,1950,D.C. Comics
Dale Evans Comics ,11,9,NM+ ,OW-W , ,1950,D.C. Comics
Dale Evans Comics ,14,9.6,NM+ ,OW-W , ,1950,D.C. Comics
Dale Evans Comics ,15,6.5,NM+ ,OW-W , ,1951,D.C. Comics
Dale Evans Comics ,16,3.5,VG ,W ,Tears on most pages ,1951,D.C. Comics
Dale Evans Comics ,17,9,NM ,W , ,1949,D.C. Comics
Dale Evans Comics ,19,7.5,NM ,W , ,1951,D.C. Comics
Dale Evans Comics ,20,9.2,NM+ ,W , ,1951,D.C. Comics
Dale Evans Comics ,21,9,NM+ ,W , , ,D.C. Comics
Dale Evans Comics ,23,9,NM+ ,W , ,1952,D.C. Comics
Dale Evans Comics ,24,4.5,FN ,OW-W , ,1952,D.C. Comics
Daredevil Comics ,1,9,NM ,W , ,1941,Lev Gleason
Detective Comics ,88,9.4,NM+ ,OW-W , ,1944,D.C. Comics
Detective Comics ,90,9.6,NL , , , ,D.C. Comics
Detective Comics ,99,9.8,NL ,W , ,1945,D.C. Comics
Detective Comics ,109,9.8,NL ,W , ,1946,D.C. Comics
Detective Comics ,114,9.8,NL ,OW-W , ,1946,D.C. Comics
Detective Comics ,118,9.6,NL ,W , ,1946,D.C. Comics
Detective Comics ,120,9.4,NL ,W , ,1947,D.C. Comics
Detective Comics ,121,9.6,NL ,OW-W , ,1947,D.C. Comics
Detective Comics ,132,9.4,NL ,OW-W , ,1948,D.C. Comics
Detective Comics ,157,9.6,NL ,OW , ,1950,D.C. Comics
Detective Comics ,161,9.4,NM+ ,OW-W , ,1950,D.C. Comics
Detective Comics ,163,9.4,NL ,OW , ,1950,D.C. Comics
Detective Comics ,164,9.2,NM , , , ,D.C. Comics
Detective Comics ,170,9.6,NM+ ,W , , ,D.C. Comics
Detective Comics ,172,9.6,NL ,W , , ,D.C. Comics
Detective Comics ,174,9.4,NM+, , , ,D.C. Comics
Detective Comics ,178,9,VG ,OW-W , ,1951,D.C. Comics
Detective Eye ,1,9.2,NM+ ,W , ,1940,Centaur
Diary Loves ,2,9.4,NM+ ,OW-W , ,1949,Quality Comics
Dick Cole ,4,9.6,NM+ ,OW-W , ,1949,
Dick Cole ,6,8.5,NM+ ,OW-W , ,1949,
Dick Cole ,8,9.4,NM+ ,OW , ,1949,
Dick Cole ,9,9.6,NM+ ,OW-W , ,1950,Star Publications
Dickie Dare ,4,9.4,NM+ ,W , ,1942,Eastern Color
Dixie Dugan ,3,9.2,NM+ , , , ,
Doc Savage Comics ,1,8.5,NM ,OW-W , ,1940,Street and Smith
Doc Savage Comics ,2,9.6,NM+ ,OW-W , ,1940,Street and Smith
Doc Savage Comics ,3,9,VG ,W ,Apparent - All three edges trimmed ,1941,Street and Smith
Doc Savage Comics ,4,8.5,FN ,W , ,1941,Street and Smith
Doc Savage Comics ,5,8.5,NM ,W , ,1941,Street and Smith
Doc Savage Comics ,9,9.4,NM+ ,OW , ,1942,Street and Smith
Doc Savage Comics ,11,9,FN ,OW-W , ,1943,Street and Smith
Doc Savage Comics ,12,9,NM ,OW , ,1943,Street and Smith
Doc Savage Comics Vol.2 ,2,9,NM+ ,W , ,1943,Street and Smith
Doc Savage Comics Vol.2 ,4,7.5,NM ,W , ,1943,Street and Smith
Doc Savage Comics Vol.2 ,8,9.4,NM+ ,OW-W , ,1942,Street and Smith
Doll Man Quarterly ,1,7.5,VG ,W , ,1941,Quality Comics
Don Winslow  ,31,9.4,NM+ ,OW , ,1946,Fawcett
Don Winslow  ,34,9.2,NM ,OW-W , ,1946,Fawcett
Don Winslow  ,36,9.6,NM+ ,OW , ,1946,Fawcett
Don Winslow  ,37,9.8,NM+ ,OW-W , , ,Fawcett
Don Winslow  ,40,9,NM+ ,OW-W , ,1946,Fawcett
Don Winslow  ,41,9,NM+ ,OW-W , ,1946,Fawcett
Don Winslow  ,42,9.2,NM ,W ,Apparent - Edge of back cover trimmed ,1947,Fawcett
Don Winslow  ,44,9.4,NM+ ,OW-W , ,1947,Fawcett
Don Winslow  ,45,9.6,NM+ ,W , , ,Fawcett
Don Winslow  ,48,9,NM+ ,W , ,1947,Fawcett
Don Winslow  ,49,9.6,NM+ ,W , , ,Fawcett
Don Winslow  ,50,8.5,NM ,OW-W , , ,Fawcett
Don Winslow  ,51,9.6,NM+ ,OW-W , ,1947,Fawcett
Don Winslow  ,52,9.2,NM+ ,OW-W , ,1947,Fawcett
Don Winslow  ,53,9.4,NM ,OW-W , ,1948,Fawcett
Dynamic Comics ,16,9,NM+ ,OW-W , ,1946,Harry &quot;A&quot; Chesler
Ernie Comics ,0,8.5,NL ,OW-W ,#nn  ,1948,Current Books
Exciting Comics ,2,9.6,NM+ , , , ,Better Publications
Exciting Comics ,5,9.4,NM+ , , , ,Better Publications
Exciting Comics ,11,9.8,NM ,W , ,1941,Nedor Publications
Exciting Comics ,24,9,NM ,W ,2 siamese pages  ,1943,Nedor Publications
Exciting Comics ,26,9.6,NM+ ,OW-W , ,1943,Nedor Publications
Exciting Comics ,28,9.2,NM+ ,OW-W , ,1943,Nedor Publications
Exciting Comics ,31,9.6,NM+ ,W , ,1944,Nedor Publications
Exciting Comics ,48,9.4,NM+ , , , ,Nedor Publications
Exciting Comics ,56,9.8,NM+ , , , ,Nedor Publications
Exciting Comics ,57,9.6,NM+ , , , ,Nedor Publications
Exciting Comics ,58,9.8,NM+ , , , ,Nedor Publications
Exciting Comics ,59,9.4,NM+ ,OW , ,1948,Nedor Publications
Exciting Comics ,60,9.8,NM+ , , , ,Nedor Publications
Exciting Comics ,61,9.6,NM+ , , , ,Nedor Publications
Exciting Comics ,64,9.4,NM+ ,OW-W , ,1948,Nedor Publications
Exciting Comics ,66,9.4,NM+ , , , ,Nedor Publications
Exciting Comics ,68,9.4,NM+ ,W , ,1949,Standard
Exposed ,2,9,NM ,OW ,Old grade 8.5 VF+ ,1948,D.S. Publishing
Fairy Tale Parade ,2,9.6,NL ,OW-W , ,1942,Dell
Fairy Tale Parade ,8,9.2,NL ,W ,Old grade VF/NM 9.0 ,1942,Dell
Famous Crimes ,1,9.2,NL ,W , , ,
Famous Funnies ,45,6.5,FN ,W , ,1938,Eastern Color
Famous Funnies ,48,5,FN ,OW-W , ,1938,Eastern Color
Famous Funnies ,57,8.5,NM ,OW , ,1939,Eastern Color
Famous Funnies ,62,6.5,NM ,OW , ,1939,Eastern Color
Famous Funnies ,72,9.4,NL ,OW , ,1940,Eastern Color
Famous Funnies ,80,9,NM ,OW-W , ,1941,Eastern Color
Famous Funnies ,84,5,FN ,OW , ,1941,Eastern Color
Famous Funnies ,85,7.5,NM ,OW ,Qualified , ,Eastern Color
Famous Funnies ,88,9,NM+ ,OW , ,1941,Eastern Color
Famous Funnies ,92,7,NM+ ,OW , ,1942,Eastern Color
Famous Gangsters ,3,8.5,NL ,OW-W , ,1952,Avon
Famous Stars ,1,9.4,NM+ ,OW-W , ,1950,Ziff Davis
Feature Books ,6,9,NL , ,Graded by Heritage not CGC ,1937,David McKay Publishing
Feature Books ,9,8.5,NL , ,Graded by Heritage not CGC ,1937,David McKay Publishing
Feature Comics ,35,5.5,FN ,OW-W , ,1940,Quality Comics
Feature Comics ,36,4.5,FN ,OW-W , ,1940,Quality Comics
Feature Comics ,39,7,NM ,OW-W , ,1940,Quality Comics
Feature Comics ,44,5,FN ,OW , ,1941,Quality Comics
Feature Comics ,49,6,FN ,W ,Centerfold detached ,1941,Quality Comics
Feature Films ,1,9.2,NM+ ,W , ,1950,D.C. Comics
Feature Films ,3,9.4,NM+ ,W , ,1950,D.C. Comics
Feature Funnies ,1,9.6,NM+ ,OW-W , ,1937,Harry &quot;A&quot; Chesler
Feature Funnies ,19,8,NM ,W , ,1939,Harry &quot;A&quot; Chesler
Feature Funnies ,20,6.5,NM ,W , ,1939,Harry &quot;A&quot; Chesler
Fight Against Crime ,2,7.5,FN ,OW-W , ,1951,Story Comics
Fight Comics ,1,9.6,NL ,OW-W ,Slight (P)  ,1940,Fiction House
Fight Comics ,19,9,NL ,OW ,Very minor amount of glue on cover ,1942,Fiction House
Fighting Yank ,1,9,NM ,W , ,1942,Nedor Publications
Fighting Yank ,4,9.4,NM+ ,OW-W , ,1943,Nedor Publications
Fighting Yank ,7,9.6,NM ,W , ,1944,Nedor Publications
Fighting Yank ,10,9.4,NM ,OW-W , ,1944,Nedor Publications
Fighting Yank ,13,9.4,NM+ ,OW ,4 sets of siamese pages ,1945,Nedor Publications
Fighting Yank ,15,9.4,NM+ ,OW-W , ,1946,Nedor Publications
Fighting Yank ,18,9.4,NM ,OW-W ,Old grade VF-NM 9.0 OW ,1946,Nedor Publications
Fighting Yank ,26,9,NM , ,Not slabbed-cover overhang right edge ,1948,Nedor Publications
Fighting Yank ,26,8.5,NM ,W , ,1948,Nedor Publications
Flash Comics ,1,9.6,NL ,OW-W , ,1940,D.C. Comics
Flash Comics ,26,9.6,NM+ ,OW , ,1942,D.C. Comics
Flash Comics ,30,9.4,NM+ ,W , ,1942,D.C. Comics
Flash Comics ,43,9.4,NM ,W , ,1943,D.C. Comics
Flash Comics ,54,9.6,NM+ ,W , ,1944,D.C. Comics
Flash Comics ,55,7,NM ,W , ,1944,D.C. Comics
Flash Comics ,58,9.8,NM+ ,W , ,1944,D.C. Comics
Flash Comics ,62,9.8,NM+ ,W , ,1945,D.C. Comics
Flash Comics ,68,8.5,FN ,W , ,1945,D.C. Comics
Flash Comics ,69,9.4,FN ,OW-W , ,1946,D.C. Comics
Flash Comics ,78,9.6,NM+ ,W , ,1946,D.C. Comics
Flash Comics ,86,9.6,NM ,W , ,1947,D.C. Comics
Flyin' Jenny ,2,8,NM ,W , ,1947,Leader Enterprises
Forbidden Worlds ,7,6,FN ,OW , ,1952,American Comics Group
Four Color Comics ,2,9.4, ,OW-W ,Don Winslow ,1939,Dell
Four Color Comics ,56,9, ,W ,Dick Tracy ,1944,Dell
Four Color Comics ,80,8.5, ,OW-W ,Smilin' Jack ,1945,Dell
Four Color Comics ,88,9, ,OW ,Bugs Bunny's Great Adventure ,1945,Dell
Four Color Comics ,94,9.4, ,W , ,1946,Dell
Four Color Comics ,133,9.6, ,W ,Dick Tracy ,1947,Dell
Four Color Comics ,174,9.8, ,W , ,1947,Dell
Four Color Comics ,176,9.4, ,OW-W ,Tillie Toiler ,1947,Dell
Four Color Comics ,193,8.5, ,OW-W ,Tom and Jerry ,1948,Dell
Four Color Comics ,197,8, ,OW-W ,Zane Grey's-Spirit of the border ,1948,Dell
Four Color Comics ,222,8.5, ,OW-W ,Zane Grey's-West of the Pecos ,1949,Dell
Four Color Comics ,324,9.4, ,W , ,1951,Dell
Four Color Comics (Series 1) ,1,8.5, ,OW-W , ,1939,Dell
Four Color Comics (Series 1) ,6,9, ,OW-W , ,1940,Dell
Four Color Comics (Series 1) ,8,9.2, ,OW-W , ,1940,Dell
Four Favorites ,1,9.2,NM+ ,OW-W , ,1941,Ace Periodicals
Four Favorites ,11,9.2,NM ,OW-W , ,1943,Ace Periodicals
Four Favorites ,24,9.6,NM+ ,W , ,1946,Ace Periodicals
Four Favorites ,25,9.6,NM+ ,OW , ,1946,Ace Periodicals
Frankenstein ,2,9.2,FN ,OW , ,1946,Prize Publications
Frankenstein ,27,7,FN ,OW-W , ,1953,Prize Publications
Fugitives From Justice ,3,8.5,NM+ ,W , ,1952,St. John Publications
Funnies ,9,7.5,FN ,OW-W , ,1937,Dell
Funnies ,31,6,FN ,W , ,1939,Dell
Funnies ,39,4,VG ,OW , ,1940,Dell
Funnies ,40,9.2, ,OW-W , ,1940,Dell
Funnies ,42,8.5,NM+ ,OW-W , ,1940,Dell
Funnies ,43,6,NM ,OW-W , ,1940,Dell
Funnies ,47,8,NM ,OW , ,1940,Dell
Funnies ,50,9.8,NM+ ,OW-W , ,1940,Dell
Funnies ,51,9.2,NM ,OW ,Old grade VF+ 8.5 ,1941,Dell
Funnies ,52,9.2,NM+ ,OW , ,1941,Dell
Funnies ,53,9.4,NM+ ,OW , ,1941,Dell
Funnies ,54,9.6,NM+ ,OW , ,1941,Dell
Funnies ,56,9.6,NM+ ,OW-W , ,1941,Dell
Funnies ,57,9.6,NM+ ,OW ,Very minor amount of color touch on cover. Very minor amount of glue on cover ,1941,Dell
Funnies ,58,9.4,NM ,W , ,1941,Dell
Funnies ,59,9.2,NM+ ,OW , ,1941,Dell
Funnies ,60,9.6,NM+ ,OW-W , ,1941,Dell
Funnies ,61,9.6,NL ,W , ,1941,Dell
Funnies ,62,9.2,NL ,OW-W , ,1941,Dell
Funnies ,63,9.6,NL ,W , ,1942,Dell
Funny Animals ,1,9.2,NM ,OW , ,1942,Fawcett
Funny Pages ,41,9.4,NM+ ,W , ,1940,Centaur
Funny Pages ,42,9.4,NM ,W ,Last issue ,1940,Centaur
Funny Pages Vol.2 ,10,5.5,FN ,W , ,1938,Centaur
Funny Pages Vol.3 ,9,7,FN ,W , ,1939,Centaur
Funny Pages Vol.3 ,10,7,FN ,W , ,1939,Centaur
Funny Pages Vol.4 ,1,5.5,NM ,W ,Slight (A) ,1940,Centaur
Funny Picture Stories Vol.2 ,1,7.5,FN ,W , ,1937,Comics Magazine
Future Comics ,2,9.2,NM ,W , ,1940,David McKay Publishing
Future Comics ,3,9.6,NL ,W , ,1940,David McKay Publishing
Future Comics ,4,8.5,NL ,W , ,1940,David McKay Publishing
Gang Busters ,1,9.4,NM+ ,W , , ,D.C. Comics
Gang Busters ,2,9.6,NM+ ,OW-W , ,1948,D.C. Comics
Gang Busters ,3,8,NM ,OW , ,1948,D.C. Comics
Gang Busters ,6,9.6,NM+ ,OW-W ,Old grade NM 9.4 Mis-cut (Greg manning auc.) ,1948,D.C. Comics
Gang Busters ,7,9,NM+ ,OW-W , ,1949,D.C. Comics
Gang Busters ,9,9.6,NM+ ,OW-W , ,1949,D.C. Comics
Gang Busters ,10,6.5,FN ,W , ,1949,D.C. Comics
Gang Busters ,11,9.6,NM+ ,W ,Mis-cut , ,D.C. Comics
Gang Busters ,13,9.4,NM+ ,W , , ,D.C. Comics
Gang Busters ,23,9.6,NM ,OW-W ,Double Cover Both covers 9.6 ,1951,D.C. Comics
Gang Busters ,25,9.6,NM+ ,W , ,1951,D.C. Comics
Gang Busters ,37,9,FN ,OW-W , ,1954,D.C. Comics
Gay Comics ,20,9.8,NM+ ,W , ,1945,Timely
Gay Comics ,21,9.6,NM ,W , ,1945,Timely
Gene Autry Comics ,1,9,NM+ ,OW-W ,Oversized - not CGC graded ,1941,Fawcett
Gene Autry Comics ,3,8,NM+ ,OW ,Old grade VF 8.0  ,1942,Fawcett
Gene Autry Comics ,4,9.4,NM+ ,OW-W , ,1943,Fawcett
Gene Autry Comics ,5,9.4,NM+ ,OW , ,1943,Fawcett
Gene Autry Comics ,6,9.6,NM+ ,OW-W , ,1943,Fawcett
Gene Autry Comics ,7,9.4,NM+ ,OW-W , ,1943,Fawcett
Gene Autry Comics ,8,9.4,NM ,W , ,1943,Fawcett
Gene Autry Comics ,9,9.6,NM+ ,OW-W , ,1943,Fawcett
Gene Autry Comics ,10,8.5,NM+ ,OW-W , ,1943,Fawcett
Georgie Comics ,6,8.5,FN ,OW-W , ,1946,Timely
Georgie Comics ,8,9.6,NM ,OW-W , ,1946,Timely
Georgie Comics ,10,9.2,NM+ ,W , ,1947,Timely
Georgie Comics ,11,9,NM ,OW-W , ,1947,Timely
Georgie Comics ,12,9.6,NM ,OW-W , ,1947,Timely
Ghost Rider ,8,8.5,NM+ ,OW-W , ,1952,Magazine Enterprises
Golden Lad ,2,9.4,NM ,W ,Old grade VF-NM 9.0 OW-W ,1945,Spark Publications
Green Hornet ,1,9.2,NL ,OW ,Old grade VF+ 8.5 OW-W ,1940,Holyoke Publications
Green Hornet ,6,8.5,NM ,OW , ,1941,Harvey Publications
Green Hornet ,17,7.5,FN ,W , ,1944,Harvey Publications
Green Hornet ,20,9.4,NM+ ,OW , ,1944,Harvey Publications
Green Lama ,1,9,NL ,CR-OW , ,1944,Spark Publications
Green Lama ,3,9.2,NM+ ,OW , ,1945,Spark Publications
Green Lama ,4,9.4,NM+ ,OW-W , ,1945,Spark Publications
Green Lama ,6,8.5,NM+ ,W , ,1945,Spark Publications
Green Lama ,7,8.5,NM+ ,W , ,1946,Spark Publications
Green Lama ,8,9,NM+ ,OW , ,1946,Spark Publications
Green Lantern ,14,9.8,NL ,W , ,1944,D.C. Comics
Green Lantern ,16,9.6,NM+ ,W , ,1945,D.C. Comics
Green Mask ,1,9.2,NM+ ,W , ,1940,Fox
Green Mask ,3,9,NM+ ,OW-W , ,1940,Fox
Guns Against Gangsters ,1,9.2,NL ,CR-OW , ,1948,Curtis Publ.
Hank ,0,9.2,NL ,OW ,#nn  ,1946,Pentagon
Headline Comics ,2,9.6,NM ,W , ,1943,Prize Publications
Headline Comics ,3,9,NM ,W , ,1943,Prize Publications
Headline Comics ,4,6,FN ,W , ,1943,Prize Publications
Headline Comics ,5,9.2,NM ,W , ,1943,Prize Publications
Headline Comics ,6,9.6,NM+ ,OW-W , ,1943,Prize Publications
Headline Comics ,7,9.4,NM ,OW , ,1944,Prize Publications
Headline Comics ,11,9.4,NM+ ,OW-W , ,1944,Prize Publications
Headline Comics ,13,9.4,NM+ ,OW , ,1945,Prize Publications
Headline Comics ,15,9.6,NM ,OW-W , ,1945,Prize Publications
Headline Comics ,17,9.6,NM+ ,W , ,1946,Prize Publications
Headline Comics ,18,9.2,NM ,OW-W , ,1946,Headline Publications
Headline Comics ,34,9.4,NM+ ,OW-W , ,1949,Headline Publications
Headline Comics ,40,7.5,FN ,OW , ,1950,Prize Publications
Headline Comics ,60,9.2,NM ,OW , ,1953,Prize Publications
Heart Throbs ,1,9.6,NM+ ,OW-W , ,1949,Quality Comics
Heart Throbs ,2,9.4,NM ,OW-W , ,1949,Quality Comics
Heroic Comics ,2,9.2,NM+ ,OW-W , ,1940,Eastern Color
Heroic Comics ,3,9,NM+ ,OW-W , ,1940,Eastern Color
Heroic Comics ,4,8.5,NM+ ,OW-W , ,1941,Eastern Color
Heroic Comics ,5,9.6,NM ,W , ,1941,Eastern Color
Heroic Comics ,6,8.5,NM+ ,OW-W , ,1941,Eastern Color
Heroic Comics ,7,9.8,NM+ ,W , ,1941,Eastern Color
Heroic Comics ,9,9.6,NM+ ,OW-W , ,1941,Eastern Color
Heroic Comics ,14,7,FN ,W , ,1942,Eastern Color
Heroic Comics ,15,9.2,NM+ ,W , ,1942,Eastern Color
Heroic Comics ,16,8.5,NM+ ,W , ,1943,Eastern Color
Heroic Comics ,18,8.5,NM+ ,W , ,1943,Eastern Color
Heroic Comics ,19,9.2,NL ,OW-W , ,1943,Eastern Color
Heroic Comics ,20,9.6,NM+ ,W , ,1943,Eastern Color
Hi-Spot Comics ,2,8.5,NL ,OW-W ,Only issue (Red Ryder#2) ,1940,Hawley Publications
Hit Comics ,28,5,GD ,W ,Large tape stain on cover ,1943,Quality Comics
Hit Comics ,44,8,Fn ,OW-W , ,1947,Quality Comics
Hopalong Cassidy ,1,9,NM+ ,OW-W , ,1943,Fawcett
House of Mystery ,2,9,NM+ ,W , ,1952,D.C. Comics
Hyper Mystery Comics ,1,9.2,NM+ ,OW , ,1940,Hyper Publications
Ibis the Invincible ,1,9.6,NM+ ,OW-W , ,1942,Fawcett
Ibis the Invincible ,2,9.6,NM+ ,OW-W , ,1943,Fawcett
Ibis the Invincible ,3,9,NM+ ,OW , ,1943,Fawcett
Jack Armstrong ,2,9,NM+ ,OW , ,1947,Parents' Magazine Institute
Jeanie Comics ,16,9.4,NM ,W , ,1947,Timely
Jeanie Comics ,19,8.5,NM+ ,OW-W , ,1948,Timely
Jet Powers ,2,9.6,NM+ ,W ,Mis-cut ,1951,Magazine Enterprises
Jimmy Durante ,2,9.6,NL ,OW-W , ,1948,Magazine Enterprises
Jimmy Wakely ,1,9.4,NM+ ,W , ,1949,D.C. Comics
Jimmy Wakely ,7,9.4,NM ,W , ,1950,D.C. Comics
Jimmy Wakely ,8,9,NM+ ,OW-W , ,1950,D.C. Comics
Jimmy Wakely ,9,9.2,NM ,W ,Not CGC graded because of large over-hang ,1951,D.C. Comics
Jimmy Wakely ,12,9.6,NM+ ,W , ,1951,D.C. Comics
Jimmy Wakely ,13,6,FN ,OW-W , ,1951,D.C. Comics
Jimmy Wakely ,15,6.5,FN ,W , ,1952,D.C. Comics
Jimmy Wakely ,17,7.5,FN ,OW , ,1952,D.C. Comics
Joe Palooka Comics ,20,9.4,NM+ ,OW-W , ,1948,Harvey Publications
Joe Palooka Comics ,22,9.2,NM+ ,OW-W , ,1948,Harvey Publications
Joe Palooka Comics ,23,9.8,NM+ ,W , ,1948,Harvey Publications
Joe Palooka Comics ,24,9.4,NM+ ,OW-W , ,1948,Harvey Publications
Joe Palooka Comics ,25,9.8,NM+ ,OW-W , ,1948,Harvey Publications
Jo-Jo Comics ,0,8,NL , ,#nn Slight (A) ,1945,Fox
Joker Comics ,2,8,NL ,W , ,1942,Timely
Joker Comics ,5,8.5,NL ,OW-W , ,1942,Timely
Joker Comics ,6,9.6,NM ,OW-W ,Old grade VF/NM9.0 ,1943,Timely
Joker Comics ,9,6,VG ,W , ,1943,Timely
Joker Comics ,10,9.4,NM+ ,W , ,1943,Timely
Joker Comics ,11,9.6,NM ,OW-W ,Old grade NM- 9.2 ,1943,Timely
Joker Comics ,12,7,NM ,W , ,1943,Timely
Joker Comics ,13,8.5,NM ,W , ,1943,Timely
Joker Comics ,14,9,NM+ ,OW , ,1944,Timely
Joker Comics ,15,9.4,NM ,OW-W , ,1944,Timely
Joker Comics ,16,9,NM ,OW-W ,Qualified- 3 extra staples added  ,1944,Timely
Joker Comics ,18,9.4,NM+ ,OW , ,1945,Timely
Joker Comics ,19,9.6,NM ,W ,Old grade VF+ 8.5  ,1947,Timely
Joker Comics ,20,9.6,NM+ ,W , ,1945,Timely
Joker Comics ,21,9.6,NM+ ,OW-W , ,1946,Timely
Joker Comics ,22,9,NM ,OW-W , ,1946,Timely
Joker Comics ,23,9.8,NM+ ,OW-W , ,1946,Timely
Joker Comics ,24,9.6,NM+ ,W , ,1946,Timely
Joker Comics ,25,9.4,NM+ ,OW-W , ,1946,Timely
Joker Comics ,26,9.2,NM+ ,OW , ,1947,Timely
Joker Comics ,27,9.4,NM ,OW-W , ,1947,Timely
Joker Comics ,28,9.6,NM+ ,OW-W , ,1947,Timely
Joker Comics ,29,9.4,NM ,OW-W , ,1947,Timely
Joker Comics ,30,8,NM ,OW , ,1947,Timely
Joker Comics ,31,9.6,NM ,OW , ,1948,Timely
Jumbo Comics ,16,9.6,NL , , , ,Fiction House
Jumbo Comics ,17,9.2,NL , , , ,Fiction House
Jumbo Comics ,19,9.6,NL ,OW , ,1940,Fiction House
Jumbo Comics ,20,9.4,NL , , , ,Fiction House
Jumbo Comics ,154,9.2,NM+ ,OW-W , , ,Fiction House
Jungle Comics ,108,8.5,NL ,OW , ,1948,Fiction House
Jungle Tales ,5,9.4,NM+ ,W , ,1955,Atlas
Junior ,16,9.2,NL ,OW-W , ,1948,Fox
Junior Miss ,26,9.2,NM ,W , ,1947,Timely
Junior Miss ,27,9.6,NM ,W ,Old grade VF+8.5 OW-W  ,1947,Timely
Keen Detective Funnies ,8,9,NM ,W , ,1938,Centaur
Keen Detective Funnies ,20,6.5,NL ,W , ,1940,Centaur
Keen Detective Funnies Vol.2 ,6,6.5,FN ,W , ,1939,Centaur
Keen Detective Funnies Vol.2 ,7,7,VG ,W , ,1939,Centaur
Keen Detective Funnies Vol.2 ,8,9,FN ,W , ,1939,Centaur
Keen Detective Funnies Vol.2 ,9,6.5,VG ,W , ,1939,Centaur
Keen Detective Funnies Vol.2 ,11,8.5,NM ,W , ,1939,Centaur
Keen Detective Funnies Vol.2 ,12,6,FN ,OW-W , ,1939,Centaur
Kid Colt Outlaw ,7,7,NM ,OW-W , ,1949,Marvel Comics
Kid Colt Outlaw ,9,9,NM ,OW-W , ,1950,Marvel Comics
Kid Colt Outlaw ,10,8,NM ,CR-OW , ,1950,Marvel Comics
Kid Eternity ,1,9.4,NL ,W , ,1946,Quality Comics
Kid Eternity ,6,9.6,NM ,OW-W , ,1947,Quality Comics
King Comics ,15,4.5,FN ,CR-OW , ,1937,David McKay Publishing
King Comics ,20,5.5,FN ,OW-W , ,1937,David McKay Publishing
King Comics ,21,8.5,NM ,OW-W , ,1937,David McKay Publishing
King Comics ,23,9.2,NM ,OW , ,1938,David McKay Publishing
King Comics ,24,7.5,NM ,W ,Old grade VF 8.0 ,1938,David McKay Publishing
King Comics ,32,9,M+ ,OW ,Old grade NM- 9.2 ,1938,David McKay Publishing
King Comics ,33,6,NL ,OW , ,1938,David McKay Publishing
King Comics ,35,9.6,NM ,W , ,1939,David McKay Publishing
King Comics ,40,7,FN ,OW-W , ,1939,David McKay Publishing
Krazy Comics ,8,8.5,NM+ ,W , ,1943,Timely
Krazy Comics ,13,9.2,NM+ ,OW , ,1944,Timely
Lance O'Casey ,2,9.6,NM+ ,OW , ,1946,Fawcett
Lance O'Casey ,3,9.6,NM+ ,W ,Old grade NM 9.4 ow-w ,1946,Fawcett
Lance O'Casey ,4,9.8,NM+ ,OW , ,1948,Fawcett
Large Feature Comic ,11,9.4,NL , ,Graded by Heritage not CGC ,1939,Dell
Large Feature Comic ,13,8,NL , ,Graded by Heritage not CGC ,1940,Dell
Large Feature Comic ,15,9,NL , ,Graded by Heritage not CGC ,1941,Dell
Large Feature Comic Vol.2 ,3,6.5,NL , ,Graded by Heritage not CGC ,1941,Dell
Lash Larue Western ,4,9.2,NM+ ,W , ,1950,Fawcett
Lash Larue Western ,5,9.4,NM+ ,W , ,1950,Fawcett
Lash Larue Western ,8,7.5,FN ,W , ,1950,Fawcett
Leading Comics ,1,9.4,NM ,W , ,1941,D.C. Comics
Leading Comics ,4,9.2,NM ,OW-W , ,1942,D.C. Comics
Leading Comics ,6,9,NM+ ,W , ,1943,D.C. Comics
Leading Comics ,7,9.6,NM+ ,W , ,1943,D.C. Comics
Leading Comics ,9,8.5,NM ,W , ,1943,D.C. Comics
Leading Comics ,11,9.4,NM+ ,OW-W , ,1944,D.C. Comics
Leading Comics ,14,5.5,NM ,W , ,1945,D.C. Comics
Leave it to Binky ,1,7.5,NM+ ,OW-W , ,1948,D.C. Comics
Leave it to Binky ,7,9.8,NM+ ,OW-W ,Slight mis-cut ,1949,D.C. Comics
Leave it to Binky ,9,6.5,NM ,OW-W , ,1949,D.C. Comics
Leave it to Binky ,13,9.4,NM+ ,W , ,1950,D.C. Comics
Leave it to Binky ,14,9.2,NM ,OW-W , ,1950,D.C. Comics
Liberty Scouts Comics ,3,8,NM ,W , ,1941,Centaur
Lightning Comics ,5,7,FN ,OW-W , ,1941,Ace Periodicals
Li'l Abner ,61,9,NL ,OW-W , ,1947,Harvey Publications
Li'l Abner ,63,9.6,NL ,OW-W , ,1948,Harvey Publications
Li'l Abner ,64,9.2,NM+ ,OW-W , ,1948,Harvey Publications
Li'l Abner ,67,9.4,NL ,W , ,1948,Harvey Publications
Love Confessions ,2,8,NM ,CR-OW , ,1949,Quality Comics
Love Letters ,1,9.6,NM+ ,OW , ,1949,Quality Comics
Love Letters ,2,7.5,NM ,OW , ,1950,Quality Comics
Love Mystery ,2,7.5,NM ,OW-W , ,1950,Fawcett
Mad ,1,,VG ,W ,GD/VG 3.0 ,1952,EC
Mad ,3,4.5,FN ,OW , ,1953,EC
Mad Hatter ,1,9,NM ,W , ,1946,O.W. Comics
Mad Hatter ,2,9.2,NM ,OW-W , ,1946,O.W. Comics
Magic Comics ,1,6,FN ,OW-W ,&quot;'Reader's Guild' flier attached to 1st page with tiny amount of glue ,1939,David McKay Publishing
Magic Comics ,3,5.5,FN ,OW-W , ,1939,David McKay Publishing
Magic Comics ,10,9,NM ,OW-W , ,1940,David McKay Publishing
Magic Comics ,12,7,NM ,OW-W ,&quot;Reader's Guild&quot; flyer glued on 1st page ,1940,David McKay Publishing
Magic Comics ,14,6.5,FN ,W , ,1940,David McKay Publishing
Magic Comics ,40,9,NM+ ,W , ,1942,David McKay Publishing
Magic Comics ,41,9,NM ,W , ,1942,David McKay Publishing
Magic Comics ,42,9.2,NM ,W , ,1943,David McKay Publishing
Major Hoople Comics ,1,9.4,NM+ ,OW-W , ,1943,Nedor Publications
Manhunt ,1,8.5,NM ,OW-W , ,1947,Magazine Enterprises
Manhunt ,5,8.5,FN ,OW-W , ,1948,Magazine Enterprises
March of Crime ,7,8,NL ,W ,First issue of title ,1950,Fiction House
Marvel Mystery Comics ,62,8.5,NM ,OW-W , ,1945,Timely
Marvel Mystery Comics ,89,8.5,NM+ ,W , ,1948,Timely
Mary Marvel Comics ,2,9.6,NM+ ,OW-W ,Old grade VF+8.5 White ,1946,Fawcett
Mary Marvel Comics ,3,9.6,NM+ ,OW ,Old grade NM 9.4 White ,1946,Fawcett
Mary Marvel Comics ,19,7,FN , , , ,Fawcett
Mask Comics ,1,9.4,NM+ ,OW-W ,Slight (A) Small amount of color touch on cover ,1945,Rural Home
Master Comics ,28,9.2,NM+ ,OW-W , ,1942,Fawcett
Master Comics ,31,9.4,NM+ ,W , ,1942,Fawcett
Master Comics ,34,9.6,NM+ ,W , ,1942,Fawcett
Master Comics ,35,9.6,NM+ ,W , ,1943,Fawcett
Master Comics ,37,9.2,FN ,OW-W , ,1943,Fawcett
Master Comics ,39,9,FN ,W , ,1943,Fawcett
Master Comics ,42,9.8,NM+ ,OW-W , ,1943,Fawcett
Master Comics ,45,9.2,NM+ ,OW-W , , ,Fawcett
Master Comics ,48,9.6,NM+ , , , ,Fawcett
Master Comics ,55,9.4,NM+ ,OW-W , ,1944,Fawcett
Master Comics ,68,9.4,NM+ ,W , , ,Fawcett
Master Comics ,69,9.8,NM+ ,W , ,1946,Fawcett
Master Comics ,75,9.4,NM+ ,OW-W , , ,Fawcett
Master Comics ,76,9.4,NM ,OW , ,1947,Fawcett
Master Comics ,78,9.6,NM+ ,W , ,1947,Fawcett
Master Comics ,82,9.6,NM+ ,W , ,1947,Fawcett
Master Comics ,83,9.6,NM+ ,W , ,1947,Fawcett
Master Comics ,84,9.2,NM+ ,W , ,1947,Fawcett
Master Comics ,95,9.2,NM ,OW-W , ,1948,Fawcett
Master Comics ,96,9.2,NM ,OW-W , , ,Fawcett
Master Comics ,101,9.6,Missing? ,W , ,1949,Fawcett
Master Comics ,109,9.2,Missing? ,OW , ,1949,Fawcett
Master Comics ,115,7,Missing? ,OW-W , ,1951,Fawcett
Master Comics ,117,7.5,Missing? ,OW-W , ,1951,Fawcett
Master Comics ,123,7,Missing? ,W , ,1951,Fawcett
Mighty Mouse Comics ,1,9.4,Missing? ,OW-W , ,1946,Timely
Military Comics ,1,9.4,Missing? ,W , ,1941,Quality Comics
Military Comics ,2,9,Missing? ,W , ,1941,Quality Comics
Military Comics ,3,9.8,Missing? ,W ,Old grade NM- 9.2  ,1941,Quality Comics
Military Comics ,4,9.4,Missing? ,W ,Old grade NM- 9.2 ,1941,Quality Comics
Military Comics ,5,9,Missing? ,W , ,1941,Quality Comics
Military Comics ,6,9.6,Missing? ,W , ,1942,Quality Comics
Military Comics ,8,9.4,Missing? ,OW , ,1942,Quality Comics
Military Comics ,9,9.4,Missing? ,OW-W ,Old grade NM- 9.2  ,1942,Quality Comics
Military Comics ,10,9.6,Missing? ,W , ,1942,Quality Comics
Military Comics ,11,9.6,Missing? ,OW , ,1942,Quality Comics
Military Comics ,12,9.4,Missing? ,OW-W , ,1942,Quality Comics
Military Comics ,13,9.4,Missing? ,OW-W , ,1942,Quality Comics
Military Comics ,14,9.4,Missing? ,W , , ,Quality Comics
Military Comics ,16,9.4,Missing? ,W ,Old grade NM- 9.2  ,1943,Quality Comics
Military Comics ,17,9.4,Missing? ,W , ,1943,Quality Comics
Military Comics ,18,9.4,Missing? ,OW-W , ,1943,Quality Comics
Military Comics ,19,9.6,Missing? ,W , ,1943,Quality Comics
Military Comics ,20,9.2,Missing? ,W , ,1943,Quality Comics
Military Comics ,22,9,Missing? ,OW , ,1943,Quality Comics
Military Comics ,27,9,Missing? ,OW-W , ,1944,Quality Comics
Military Comics ,36,8.5,Missing? ,OW-W ,Old grade VF8.0  ,1945,Quality Comics
Military Comics ,38,9.4,Missing? ,OW-W ,Old grade VF+8.5 Very minor amount of glue on cover ,1945,Quality Comics
Military Comics ,40,8.5,Missing? ,OW-W , ,1945,Quality Comics
Millie the Model ,6,9,Missing? ,OW-W , ,1947,Marvel Comics
Millie the Model ,8,9.4,Missing? ,OW-W , ,1947,Marvel Comics
Minute Man ,1,9.6,Missing? ,OW ,Old grade 9.2 NM- ,1941,Fawcett
Minute Man ,2,9.4,Missing? ,OW-W ,Old grade 8.5 VF+ ,1941,Fawcett
Miss Beverly Hills of Hollywood ,2,9.2,Missing?  ,OW-W ,Not CGC graded - graded by Heritage ,1949,D.C. Comics
Miss Beverly Hills of Hollywood ,4,9.2,Missing? ,OW ,Not CGC graded - graded by Heritage ,1949,D.C. Comics
Miss Beverly Hills of Hollywood ,5,9,Missing? ,W ,Old grade VF+ 8.5 OW-W ,1949,D.C. Comics
Mopsy ,1,9,NM+ ,OW-W , ,1948,St. John Publications
Mopsy ,10,9,NM+ ,OW-W , ,1950,St. John Publications
More Fun Comics ,14,6.5,FN ,OW-W , ,1936,D.C. Comics
More Fun Comics ,16,8.5,FN ,W , ,1936,D.C. Comics
More Fun Comics ,18,8,FN ,W , ,1937,D.C. Comics
More Fun Comics ,19,8,FN ,W , ,1937,D.C. Comics
More Fun Comics ,24,8.5,FN ,OW-W , ,1937,D.C. Comics
More Fun Comics ,28,9.4,NM ,OW ,Old grade NM- 9.2 ,1938,D.C. Comics
More Fun Comics ,29,9.4,NM+ ,OW , ,1938,D.C. Comics
More Fun Comics ,30,9.4,NM+ ,OW ,Slight (A) ,1938,D.C. Comics
More Fun Comics ,31,9.6,NM+ ,OW-W ,6 siamese pages ,1938,D.C. Comics
More Fun Comics ,33,9.4,NL ,OW-W , ,1938,D.C. Comics
More Fun Comics ,34,9.4,NM+ ,OW-W , ,1938,D.C. Comics
More Fun Comics ,36,9.6,NM+ ,OW-W ,Very minor amount of CT on cover Old grade 9.8 NM/MT Slight (P) ,1938,D.C. Comics
More Fun Comics ,37,9.4,NL ,OW-W , ,1938,D.C. Comics
More Fun Comics ,38,9.4,NM+ ,OW-W , ,1938,D.C. Comics
More Fun Comics ,39,9.6,NM+ ,OW-W , ,1939,D.C. Comics
More Fun Comics ,39,9.2,NL ,OW-W ,Double copy  ,1939,D.C. Comics
More Fun Comics ,40,9.4,NM+ ,OW-W , ,1939,D.C. Comics
More Fun Comics ,43,9.2,NL ,OW ,Slight (P) ,1939,D.C. Comics
More Fun Comics ,44,9.4,NL ,OW-W , ,1939,D.C. Comics
More Fun Comics ,46,9.6,NL ,W , ,1939,D.C. Comics
More Fun Comics ,47,9.2,NL ,W ,&quot;D&quot; erased from cover ,1939,D.C. Comics
More Fun Comics ,48,9,NL ,OW-W , ,1939,D.C. Comics
More Fun Comics ,49,9.4,NL ,W , ,1939,D.C. Comics
More Fun Comics ,50,9.4,NL ,OW-W , ,1939,D.C. Comics
More Fun Comics ,51,9,NM+ ,W ,Last two pages are siamese ,1940,D.C. Comics
More Fun Comics ,52,9.2,NM+ ,W ,Very minor glue. Very minor color touch. ,1940,D.C. Comics
More Fun Comics ,53,9.6,NM+ ,W , ,1940,D.C. Comics
More Fun Comics ,58,9.4,NM+ ,OW-W , ,1940,D.C. Comics
More Fun Comics ,59,9.4,NL ,OW-W , ,1940,D.C. Comics
More Fun Comics ,62,9.6,NM+ ,OW-W , ,1940,D.C. Comics
More Fun Comics ,64,9.6,NL ,W , ,1941,D.C. Comics
More Fun Comics ,65,9.4,NM ,W , ,1941,D.C. Comics
More Fun Comics ,68,9.2,NL ,OW-W , ,1941,D.C. Comics
More Fun Comics ,70,9.6,NM ,W , ,1941,D.C. Comics
More Fun Comics ,73,9.4,NM+ ,W , ,1941,D.C. Comics
More Fun Comics ,74,9.6,NM ,W , ,1941,D.C. Comics
More Fun Comics ,77,9.2,NM+ ,OW-W , ,1942,D.C. Comics
More Fun Comics ,78,9.6,NL ,W , ,1942,D.C. Comics
More Fun Comics ,79,9.6,NM+ ,OW-W , ,1942,D.C. Comics
More Fun Comics ,80,9.4,NM+ ,W , ,1942,D.C. Comics
More Fun Comics ,81,8.5,NM ,W , ,1942,D.C. Comics
More Fun Comics ,82,9.6,NL ,W , ,1942,D.C. Comics
More Fun Comics ,84,9.6,NM ,W , ,1942,D.C. Comics
More Fun Comics ,85,8,FN ,W , ,1942,D.C. Comics
More Fun Comics ,87,9.2,NM ,OW-W , ,1943,D.C. Comics
More Fun Comics ,90,9.4,NM+ ,W , ,1943,D.C. Comics
More Fun Comics ,91,9.6,NM ,OW-W ,One dot of glue on spine  ,1943,D.C. Comics
More Fun Comics ,92,9.4,NM+ ,W , ,1943,D.C. Comics
More Fun Comics ,93,9.6,NL ,OW-W , ,1943,D.C. Comics
More Fun Comics ,94,9.4,NM+ ,OW-W , ,1943,D.C. Comics
More Fun Comics ,95,9,NM+ ,W , ,1944,D.C. Comics
More Fun Comics ,96,9.4,NL ,OW-W , ,1944,D.C. Comics
More Fun Comics ,97,9.6,NM+ ,OW-W , ,1944,D.C. Comics
More Fun Comics ,98,9.4,NL ,W , ,1944,D.C. Comics
More Fun Comics ,99,9.4,NL ,OW-W , ,1944,D.C. Comics
More Fun Comics ,100,9.4,NM+ ,OW-W , ,1944,D.C. Comics
More Fun Comics ,106,9.2,NM+ ,OW-W , ,1945,D.C. Comics
More Fun Comics ,107,9.4,NL ,W , ,1945,D.C. Comics
More Fun Comics ,108,8,NL ,OW , ,1946,D.C. Comics
More Fun Comics ,109,9.6,NL ,OW-W , ,1946,D.C. Comics
More Fun Comics ,111,9.2,VG ,CR-OW , ,1946,D.C. Comics
More Fun Comics ,116,9.6,NL ,OW-W , ,1946,D.C. Comics
More Fun Comics ,118,9.6,NL ,OW-W ,Old grade NM 9.4 ,1947,D.C. Comics
More Fun Comics ,119,9.8,NL ,W , ,1947,D.C. Comics
More Fun Comics ,120,9.6,NL ,OW-W ,Double cover - outside cover NM9.4 ,1947,D.C. Comics
More Fun Comics ,121,9.8,NM+ ,W , ,1947,D.C. Comics
More Fun Comics ,122,9.6,NL ,W , ,1947,D.C. Comics
More Fun Comics ,125,9,NM+ ,OW-W , ,1947,D.C. Comics
More Fun Comics ,127,9.6,FN ,OW-W , ,1947,D.C. Comics
Motion Picture Comics ,106,4,FN ,OW , ,1951,Fawcett
Mr. District Attorney ,7,8,Missing? ,OW-W , ,1949,D.C. Comics
Murder Incorporated ,4,8.5,NL ,OW-W , ,1948,Fox
My Story ,5,9.2,NM+ ,W , ,1949,Fox
Namora ,3,9.2,NL ,W , ,1948,Timely
National Comics ,1,7.5,NM+ ,W , ,1940,Quality Comics
National Comics ,2,9.6,NM+ ,W , ,1940,Quality Comics
National Comics ,3,9.4,NM+ ,W , ,1940,Quality Comics
National Comics ,4,9.6,NM+ ,W , ,1940,Quality Comics
National Comics ,5,9.6,NM+ ,W , ,1940,Quality Comics
National Comics ,6,9.4,NM ,OW-W , ,1940,Quality Comics
National Comics ,7,9.6,NM+ ,W , ,1941,Quality Comics
National Comics ,8,9,NM ,OW-W , ,1941,Quality Comics
National Comics ,9,9.4,NM ,W , ,1941,Quality Comics
National Comics ,10,9,NM+ ,W , ,1941,Quality Comics
National Comics ,11,9.6,NM+ ,W , ,1941,Quality Comics
National Comics ,12,9,NM ,W , ,1941,Quality Comics
National Comics ,13,9.4,NM ,W , ,1941,Quality Comics
National Comics ,14,9,NM+ ,W , ,1941,Quality Comics
National Comics ,15,9.8,NM+ ,W , ,1941,Quality Comics
National Comics ,16,9.6,NM ,W , ,1941,Quality Comics
National Comics ,17,9.6,NM ,W , ,1941,Quality Comics
National Comics ,18,9.6,NM+ ,W , ,1941,Quality Comics
National Comics ,19,9.4,NM ,W , ,1941,Quality Comics
National Comics ,20,9.8,NM+ ,W , ,1941,Quality Comics
National Comics ,21,9.6,NM+ ,W , ,1941,Quality Comics
National Comics ,22,9.6,NM+ ,W , ,1941,Quality Comics
National Comics ,23,9.6,NM+ ,W , ,1941,Quality Comics
New Adventure Comics ,14,7,NL ,OW-W , ,1937,D.C. Comics
New Adventure Comics ,18,9,NL ,OW-W , ,1937,D.C. Comics
New Adventure Comics ,19,9.6,NL ,OW-W ,Old grade NM- 9.2 OW ,1937,D.C. Comics
New Adventure Comics ,20,9.6,NL ,OW-W , ,1937,D.C. Comics
New Adventure Comics ,21,9.4,NL ,W , ,1937,D.C. Comics
New Adventure Comics ,29,9.6,NL ,OW-W , ,1938,D.C. Comics
New Adventure Comics ,30,9.6,NL ,OW-W , ,1938,D.C. Comics
New Adventure Comics ,31,9.6,NL ,OW-W , ,1938,D.C. Comics
New Book of Comics ,2,9,FN ,OW-W , ,1938,D.C. Comics
New Funnies ,67,9.6,NL ,W , ,1942,Dell
Nickel Comics ,1,9.4,NL ,OW-W , ,1940,Fawcett
Nickel Comics ,2,9,NL ,W , ,1940,Fawcett
Northwest Mounties ,1,6.5,NL ,W , ,1948,St. John Publications
Northwest Mounties ,2,9,NM+ ,OW-W , ,1949,St. John Publications
Nyoka the Jungle Girl ,15,8.5,NM ,W , ,1948,Fawcett
Nyoka the Jungle Girl ,17,7.5,FN , , , ,Fawcett
Nyoka the Jungle Girl ,35,7.5,FN , , , ,Fawcett
Oscar Comics ,3,9.2,NM+ ,OW-W , ,1947,Timely
Our Flag Comics ,1,9.4,NM ,OW-W ,Old grade NM- 9.2 ,1941,Ace Periodicals
Our Flag Comics ,2,9,NM+ ,W , ,1941,Ace Periodicals
Our Flag Comics ,3,9,NM ,OW-W , ,1941,Ace Periodicals
Patsy Walker ,19,9,NM+ ,OW-W , ,1948,Atlas
Pay-Off ,3,8,NM+ ,OW-W , ,1949,D.S. Publishing
Pay-Off ,4,9.2,NM+ ,W , ,1949,D.S. Publishing
Pay-Off ,5,8,NM ,OW , ,1949,D.S. Publishing
Pep ,55,9,NM+ ,W , ,1945,MLJ
Pep ,61,9.6,NM+ ,W , ,1947,MLJ
Pep ,72,9.2,NM+ , ,graded by metropolis.com not CGC , ,MLJ
Pep ,76,9.2,NL , ,graded by metropolis.com not CGC , ,MLJ
Perfect Crime ,9,9.4,NM+ ,W , ,1951,Cross Publications
Perfect Crime ,10,7.5,NM ,W , ,1951,Cross Publications
Phantom Lady ,16,9.4,NL ,OW , ,1948,Fox
Picture News ,1,9.2,NL ,OW-W , ,1946,Lafayette Street Corp.
Picture News ,2,9.2,NM+ ,OW , ,1946,Lafayette Street Corp.
Picture News ,3,9.2,NM+ ,OW-W , ,1946,Lafayette Street Corp.
Picture News ,4,9.8,NM+ ,OW-W , ,1946,Lafayette Street Corp.
Picture News ,5,9.2,NM+ ,OW-W , ,1946,Lafayette Street Corp.
Picture News ,6,9.6,NM+ ,OW-W , ,1946,Lafayette Street Corp.
Picture News ,7,9,NM+ ,W , ,1946,Lafayette Street Corp.
Picture News ,8,8,NM ,W , ,1946,Lafayette Street Corp.
Pioneer Picture Stories ,8,9.2,NM+ ,W , ,1943,Street and Smith
Plastic Man ,2,9.6,NM+ ,OW ,Old grade NM- 9.2 ,1944,Quality Comics
Plastic Man ,3,9.4,NM+ ,W , ,1946,Quality Comics
Plastic Man ,4,9.4,NL ,OW-W , ,1946,Quality Comics
Plastic Man ,6,5,FN ,OW-W , ,1946,Quality Comics
Plastic Man ,7,8.5,NM+ ,W , ,1947,Quality Comics
Plastic Man ,9,9.6,NM+ ,OW ,Old grade NM9.4 ,1947,Quality Comics
Plastic Man ,13,9.4,NM+ ,OW-W , ,1948,Quality Comics
Plastic Man ,15,9.6,NM+ ,W , ,1949,Quality Comics
Plastic Man ,16,9.6,NL ,OW-W ,Old grade VF+ 8.5 ,1949,Quality Comics
Plastic Man ,17,9.6,NM+ ,OW ,Old grade VF+ 8.5 OW-W ,1949,Quality Comics
Plastic Man ,18,9.6,NM+ ,OW-W , ,1949,Quality Comics
Plastic Man ,20,9.4,NM+ ,OW-W , ,1949,Quality Comics
Plastic Man ,22,9.6,NM ,OW-W , ,1950,Quality Comics
Plastic Man ,26,9.4,NM+ ,OW-W , ,1950,Quality Comics
Plastic Man ,28,9,NL ,OW , , ,Quality Comics
Plastic Man ,31,7,FN ,OW-W , ,1951,Quality Comics
Plastic Man ,34,8.5,NL ,W , ,1952,Quality Comics
Pocket Comics ,3,8.5,NL ,OW-W ,Digest size ,1941,Harvey Publications
Pocket Comics ,4,8.5,NL ,OW-W ,Digest size ,1942,Harvey Publications
Police Comics ,21,9.4,NL ,OW-W , ,1943,Quality Comics
Police Comics ,30,9.6,NL ,OW-W ,Old grade NM9.4 ,1944,Quality Comics
Police Comics ,31,7,NL ,W , , ,Quality Comics
Police Comics ,35,9.2,NL ,W , ,1944,Quality Comics
Police Comics ,38,9,NL ,OW-W , ,1944,Quality Comics
Police Comics ,39,9.8,NL ,W , ,1945,Quality Comics
Police Comics ,41,9.6,NL ,OW-W , ,1945,Quality Comics
Police Comics ,54,9.6,NL ,W ,Old grade NM-9.2 OW-W ,1946,Quality Comics
Police Comics ,64,9.4,NL ,OW-W , ,1947,Quality Comics
Police Comics ,75,9,NL ,OW , ,1948,Quality Comics
Police Comics ,76,9.2,NL ,OW-W , ,1948,Quality Comics
Police Comics ,80,8.5,NL ,W , ,1948,Quality Comics
Police Comics ,83,9.6,NL ,OW-W , ,1948,Quality Comics
Police Comics ,88,9.4,NL ,OW-W , ,1949,Quality Comics
Police Comics ,96,9.4,NL ,OW-W , , ,Quality Comics
Police Line-Up ,3,7.5,NM+ ,W , ,1952,Avon
Popular Comics ,44,9,NM+ ,OW , ,1939,Dell
Popular Comics ,49,4,VG ,OW , ,1940,Dell
Popular Comics ,52,9.4,NM+ ,OW-W , ,1940,Dell
Popular Comics ,56,9.6,NM+ ,OW , ,1940,Dell
Popular Comics ,57,9.2,NM+ ,OW , ,1940,Dell
Popular Comics ,58,9.6,NM+ ,OW-W , ,1940,Dell
Popular Comics ,59,9.4,NM+ ,OW-W , ,1941,Dell
Popular Comics ,60,9.4,NM+ ,OW , ,1941,Dell
Popular Comics ,61,9.6,NM+ ,OW , ,1941,Dell
Popular Comics ,62,9,NM+ ,OW , ,1941,Dell
Popular Comics ,63,9.2,NM+ ,OW , ,1941,Dell
Popular Comics ,64,8,NM+ ,OW , ,1941,Dell
Popular Comics ,65,9.6,NM+ ,OW-W , ,1941,Dell
Popular Comics ,66,9.4,NM+ ,OW , ,1941,Dell
Popular Comics ,67,9,NM+ ,OW , ,1941,Dell
Popular Comics ,68,8.5,NM+ ,OW-W , ,1941,Dell
Popular Comics ,69,9.4,NM+ ,OW , ,1941,Dell
Popular Comics ,70,9.6,NM+ ,OW , ,1941,Dell
Popular Comics ,71,9.6,NM+ ,OW-W , ,1942,Dell
Popular Comics ,73,9.4,NM+ ,W , ,1942,Dell
Popular Comics ,74,9,NM+ ,OW , ,1942,Dell
Popular Comics ,75,9,NM+ ,OW-W , ,1942,Dell
Popular Comics ,76,9.6,NM+ ,OW-W , ,1942,Dell
Popular Comics ,77,7.5,NM ,OW , ,1942,Dell
Popular Comics ,78,9.6,NM+ ,W , ,1942,Dell
Popular Comics ,79,9.4,NM+ ,OW-W , ,1942,Dell
Popular Comics ,80,9.4,NM+ ,OW-W , ,1942,Dell
Popular Comics ,81,8.5,NM ,OW-W , ,1942,Dell
Popular Comics ,82,9.4,NM+ ,OW-W , ,1942,Dell
Popular Comics ,83,9.4,NM+ ,OW-W , ,1943,Dell
Popular Comics ,84,9.4,NM+ ,OW-W , ,1943,Dell
Popular Comics ,85,8.5,NM ,OW-W , ,1943,Dell
Popular Comics ,89,9.2,NM ,OW-W , ,1943,Dell
Popular Comics ,90,6.5,NM ,OW-W , ,1943,Dell
Popular Comics ,92,9.2,NM+ ,W ,Qualified ,1943,Dell
Popular Comics ,93,9.4,NM+ ,W , ,1942,Dell
Popular Comics ,94,9.6,NM+ ,OW , ,1943,Dell
Popular Comics ,95,6.5,NM+ ,OW-W , ,1944,Dell
Popular Comics ,97,7,NM+ ,OW-W , ,1944,Dell
Popular Comics ,98,9.2,NM+ ,W , ,1944,Dell
Popular Comics ,99,9,NM+ ,W , ,1944,Dell
Popular Comics ,100,9,NM+ ,W , ,1944,Dell
Power Comics ,2,9.4,NM+ ,OW , ,1945,Holyoke Publications
Power Comics ,3,9,NL ,OW , ,1944,Holyoke Publications
Power Comics ,4,8,NL ,W ,Old grade NM- 9.2 OW ,1945,Holyoke Publications
Prize Comics ,2,7.5,FN ,OW-W , ,1940,Prize Publications
Prize Comics ,5,9.6,NM+ ,W ,Old grade VF 8.0 ,1940,Prize Publications
Prize Comics ,10,8.5,NM ,OW , ,1941,Prize Publications
Prize Comics ,13,9.6,NM+ ,W ,Old grade NM- 9.2 OW-W ,1941,Prize Publications
Prize Comics ,14,8.5,NM+ ,OW , ,1941,Prize Publications
Prize Comics ,15,9.4,NM+ ,OW-W , ,1941,Prize Publications
Prize Comics ,20,9.4,NM ,OW , ,1942,Prize Publications
Prize Comics ,25,9.2,NM ,OW-W , ,1942,Prize Publications
Prize Comics ,32,7,NM ,OW , ,1943,Prize Publications
Prize Comics ,39,6,FN ,W , ,1944,Prize Publications
Prize Comics ,48,9,NM+ ,OW , ,1944,Prize Publications
Prize Comics ,58,9.6,NM ,W , ,1946,Prize Publications
Prize Comics ,59,8.5,NM+ , , , ,
Prize Comics Western ,74,8.5,NM ,W , ,1949,Prize Publications
Prize Comics Western ,76,7.5,NM ,OW-W , ,1949,Prize Publications
Prize Comics Western ,81,6,FN ,OW-W , ,1950,Prize Publications
Public Enemies ,2,8.5,NM ,OW , ,1948,
Punch Comics ,10,9.2,NL ,OW-W , ,1944,Harry &quot;A&quot; Chesler
Punch Comics ,18,9.6,NM+ ,OW , ,1946,Harry &quot;A&quot; Chesler
Rangers ,3,7.5,NL ,OW , , ,Fiction House
Rangers ,20,9.4,NL , ,Graded by Metropolis.com not CGC , ,Fiction House
Rangers ,40,9.4,NM+ , ,Grade by Metropolis.com not CGC , ,Fiction House
Rangers ,41,9.4,NM+ , ,Grade by Metropolis.com not CGC , ,Fiction House
Rangers ,42,9.4,NM+ ,OW-W , , ,Fiction House
Rangers ,43,9.6,NM , ,Grade by Metropolis.com not CGC , ,Fiction House
Rangers ,46,9.4,NM+ , ,Grade by Metropolis.com not CGC , ,Fiction House
Rangers ,47,9.4,NM+ , ,Grade by Metropolis.com not CGC , ,Fiction House
Rangers ,48,9.2,NM ,OW-W , , ,Fiction House
Rangers ,50,9.6,NM ,OW-W , , ,Fiction House
Rangers ,51,9,NM , ,Grade by Metropolis.com not CGC , ,Fiction House
Rangers ,52,9,NM , ,Grade by Metropolis.com not CGC , ,Fiction House
Rangers ,53,9.4,NM+ , ,Grade by Metropolis.com not CGC , ,Fiction House
Rangers ,55,9.4,NM+ , ,Grade by Metropolis.com not CGC , ,Fiction House
Rangers ,56,9.2,NM , ,Grade by Metropolis.com not CGC , ,Fiction House
Rangers ,57,9.4,NM+ , ,Grade by Metropolis.com not CGC , ,Fiction House
Rangers ,58,9.2,NM+ , ,Grade by Metropolis.com not CGC , ,Fiction House
Rangers ,61,9.4,NM+ , ,Grade by Metropolis.com not CGC , ,Fiction House
Rangers ,63,9.4,NM+ , ,Grade by Metropolis.com not CGC , ,Fiction House
Rangers ,64,9,NM+ , ,Grade by Metropolis.com not CGC , ,Fiction House
Rangers ,65,9.2,NM+ , ,Grade by Metropolis.com not CGC , ,Fiction House
Rangers ,66,9.2,NL , ,Grade by Metropolis.com not CGC , ,Fiction House
Rangers ,67,7,VG , ,Grade by Metropolis.com not CGC , ,Fiction House
Rangers ,69,8,FN , ,Grade by Metropolis.com not CGC , ,Fiction House
Real Fact Comics ,1,9.6,NM+ ,W ,Old grade VF/NM 9.0 ,1946,D.C. Comics
Real Fact Comics ,2,9.2,NM+ ,W , ,1946,D.C. Comics
Real Fact Comics ,3,9.6,NM+ ,OW-W , ,1946,D.C. Comics
Real Fact Comics ,4,9.6,NM+ ,W , ,1946,D.C. Comics
Real Fact Comics ,6,9.4,NM+ ,W , ,1947,D.C. Comics
Real Fact Comics ,7,9,FN ,W , ,1947,D.C. Comics
Real Fact Comics ,8,9.4,NM+ ,W , ,1947,D.C. Comics
Real Fact Comics ,11,8.5,NM ,W , ,1947,D.C. Comics
Real Fact Comics ,19,9.6,NM+ ,OW-W , ,1949,D.C. Comics
Real Heroes Comics ,1,9.4,NM ,OW ,Old grade NM- 9.2 OW-W ,1941,Parents' Magazine Institute
Real Life Comics ,50,8.5,NM+ ,OW-W , ,1949,Nedor Publications
Real Life Secrets ,1,7.5,FN ,OW-W , ,1949,Ace Periodicals
Real Sports Comics ,1,9,NM ,OW-W ,only issue  changed to All Sports Comics  ,1948,Hillman Periodicals
Real Western Hero ,71,9.4,NM+ ,W , ,1948,Fawcett
Real Western Hero ,74,9,NM+ ,OW-W , ,1949,Fawcett
Real Western Hero ,75,9,NM+ ,W , ,1949,Fawcett
Red Dragon Comics ,1,7,NL ,OW ,Small tape stain on back cover ,1947,Street and Smith
Red Dragon Comics ,3,9.2,NL ,OW ,Old grade VF/NM9.0 ,1948,Street and Smith
Red Dragon Comics ,6,5.5,NM+ ,OW , ,1949,Street and Smith
Red Dragon Comics ,7,7.5,NL ,OW-W , ,1949,Street and Smith
Red Rabbit Comics ,7,9,NM ,OW-W , ,1948,Dearfield Pub.
Red Ryder Comics ,3,9.4,NM+ ,OW , ,1941,Dell
Red Ryder Comics ,6,9.4,NM ,W ,Old grade (1st) VF+ 8.5 (2nd) NM- 9.2 ,1942,Dell
Red Ryder Comics ,8,9.4,NM+ ,OW , ,1942,Dell
Red Ryder Comics ,9,9.2,NM+ ,OW , ,1942,Dell
Red Ryder Comics ,11,8.5,NM ,OW , ,1943,Dell
Red Seal Comics ,17,9.4,NM+ ,OW-W , ,1947,Harry &quot;A&quot; Chesler
Red Seal Comics ,19,9.4,NM+ ,OW-W , ,1947,Harry &quot;A&quot; Chesler
Rex Hart ,6,9.2,NM ,W ,#1 ,1949,Timely
Rex Hart ,7,9,NM ,OW-W , ,1949,Timely
Rocky Lane Western ,8,8,NM ,W , ,1949,Fawcett
Rocky Lane Western ,11,7.5,FN ,OW-W , ,1949,Fawcett
Romance Trail ,1,7.5,FN ,OW-W , ,1949,D.C. Comics
Romance Trail ,3,9.4,NM+ ,OW-W , ,1949,D.C. Comics
Romantic Love ,9,8,NM ,W , ,1952,Avon
Romantic Picture Novelettes ,1,9.2,NM+ ,OW , ,1946,Magazine Enterprises
Rory Poly Comics ,1,9.4,NL ,W , ,1945,Green Publications
Rory Poly Comics ,11,9.2,NL ,W , ,1946,Green Publications
Roundup ,4,7.5,NM ,OW , ,1949,D.S. Publishing
Roy Rogers Comics ,11,7.5,NM+ ,OW-W , ,1948,Dell
Roy Rogers Comics ,12,8,NM+ ,W , ,1948,Dell
Roy Rogers Comics ,28,8,FN ,OW-W , ,1950,Dell
Saint ,9,9.4,NM ,OW-W , ,1950,Avon
Samson ,3,8.5,NM ,OW , ,1941,Fox
Santa Claus Funnies ,1,6,NL ,OW , ,1952,Dell
Scribbly ,2,7.5,FN ,OW-W , ,1948,D.C. Comics
Secret Hearts ,1,9.2,NM+ ,W , ,1949,D.C. Comics
Sensation Comics ,51,9.2,NM ,W , ,1946,D.C. Comics
Sensation Comics ,53,9.6,NM+ ,W ,Old grade NM- 9.2  ,1946,D.C. Comics
Sensation Comics ,54,9.4,NM+ ,W , ,1946,D.C. Comics
Sensation Comics ,56,9.6,NM+ ,W ,Old grade NM 9.4 ,1946,D.C. Comics
Sensation Comics ,58,9.6,NM+ ,W , , ,D.C. Comics
Sensation Comics ,59,9.6,NM+ ,W , ,1946,D.C. Comics
Sensation Comics ,60,9.4,NM ,W ,Old grade VF/NM 9.0  ,1946,D.C. Comics
Sensation Comics ,69,9.6,NM+ ,W , ,1947,D.C. Comics
Sensation Comics ,71,9,NM+ ,W , ,1947,D.C. Comics
Sensation Comics ,72,9.4,NM+ ,OW-W , ,1947,D.C. Comics
Sensation Comics ,73,9.6,NM+ ,OW-W , ,1948,D.C. Comics
Sensation Comics ,74,9.4,NM+ ,W , ,1948,D.C. Comics
Sensation Comics ,76,9,NM+ ,OW-W ,Old grade VF+ 8.5  ,1948,D.C. Comics
Sensation Comics ,82,7.5,NM+ ,W ,Old grade VF+ 8.5 OW-W ,1948,D.C. Comics
Sensation Comics ,84,9.4,NM ,W , ,1948,D.C. Comics
Sensation Comics ,87,9,NM+ ,OW-W ,Old grade NM- 9.2 White ,1949,D.C. Comics
Shadow Comic Vol.2 ,6,9.6,NM+ ,OW , ,1942,Street and Smith
Shadow Comic Vol.2 ,10,7.5,NM+ ,OW-W , ,1943,Street and Smith
Shadow Comic Vol.2 ,11,9.4,NM ,OW , ,1943,Street and Smith
Shadow Comics Vol.9 ,3,9.2,NL , ,graded by Greg Manning Auc. not CGC ,1949,Street and Smith
Shield-Wizard Comics ,6,9,NM+ ,OW-W , ,1941,MLJ
Silver Streak Comics ,2,7,FN ,W , ,1940,Lev Gleason
Silver Streak Comics ,3,9.2,NM+ ,W , ,1940,Lev Gleason
Silver Streak Comics ,4,9.8,NM+ ,W , ,1940,Lev Gleason
Silver Streak Comics ,5,9,NM ,W , ,1940,Lev Gleason
Silver Streak Comics ,18,9.6,NM+ ,OW-W ,Old Grade NM9.4  ,1942,Lev Gleason
Silver Streak Comics ,19,9.4,NM ,OW-W ,Old Grade NM9.4 WHITE ,1942,Lev Gleason
Silver Streak Comics ,20,9.4,NM ,OW-W ,resub - grade unchanged ,1942,Lev Gleason
Silver Streak Comics ,23,9.6,NM+ ,OW-W , ,1946,Lev Gleason
Single Series ,27,8,NL ,OW , ,1942,United Features Syndicate
Slam-Bang Comics ,1,8.5,NM ,W , ,1940,Fawcett
Slam-Bang Comics ,7,9.4,NL ,OW-W , , ,Fawcett
Smash Comics ,1,9,NM+ ,W , ,1939,Quality Comics
Smash Comics ,2,9.2,NM ,OW-W , ,1939,Quality Comics
Smash Comics ,3,9.2,NM ,OW ,Old grade (1st) NM/VF9.0 (2nd) VF+ 8.5 ,1939,Quality Comics
Smash Comics ,4,9.2,NM+ ,OW-W , ,1939,Quality Comics
Smash Comics ,6,9.4,NM ,W , ,1940,Quality Comics
Smash Comics ,7,9.6,NM ,OW-W , ,1940,Quality Comics
Smash Comics ,9,9.4,NM+ ,W , ,1940,Quality Comics
Smash Comics ,10,9.2,NM ,W , ,1940,Quality Comics
Smash Comics ,29,9.6,NM+ ,W , ,1941,Quality Comics
Smash Comics ,31,9.4,NM+ ,OW-W , ,1942,Quality Comics
Smash Comics ,32,9.2,NM+ ,W , ,1942,Quality Comics
Smash Comics ,33,9.4,NM+ ,OW-W ,Old grade NM-9.2 ,1942,Quality Comics
Smash Comics ,34,9.6,NM+ ,W , ,1942,Quality Comics
Smash Comics ,37,9.4,NM+ ,OW , ,1942,Quality Comics
Smash Comics ,38,9.6,NM+ ,W , ,1942,Quality Comics
Smash Comics ,43,9.4,NM+ ,W , ,1943,Quality Comics
Smash Comics ,44,7.5,FN ,W , ,1943,Quality Comics
Smash Comics ,45,9,NM+ ,W , ,1943,Quality Comics
Smash Comics ,46,9.6,NM+ ,OW-W , ,1943,Quality Comics
Smash Comics ,48,9.6,NM+ ,OW-W , ,1943,Quality Comics
Smash Comics ,51,9.6,NM+ ,W , ,1944,Quality Comics
Smash Comics ,52,8,NM+ ,OW , ,1944,Quality Comics
Smash Comics ,53,9.4,NM+ ,OW-W , ,1944,Quality Comics
Smash Comics ,55,9.2,NM+ ,W , ,1944,Quality Comics
Smash Comics ,58,9.4,NM ,OW ,Old grade NM-9.2 ,1945,Quality Comics
Smash Comics ,78,9.2,NM+ ,W , ,1948,Quality Comics
Smash Comics ,83,9.6,NM ,OW , ,1949,Quality Comics
Smilin' Jack ,1,9.4,NM+ ,OW-W , ,1948,Dell
Space Ace ,5,7,NL ,OW-W , ,1952,Magazine Enterprises
Sparkler Comics ,1,8.5,NL ,OW-W , ,1940,United Features Syndicate
Sparkler Comics ,2,9.6,FN ,W , ,1941,United Features Syndicate
Sparkler Comics ,3,9.6,NL ,OW-W ,Old grade NM-9.2 White ,1941,United Features Syndicate
Sparkler Comics ,4,9.6,NL ,OW-W , ,1941,United Features Syndicate
Sparkler Comics ,5,9.4,NL ,W , ,1941,United Features Syndicate
Sparkler Comics ,6,9.4,NL ,OW-W , ,1942,United Features Syndicate
Sparkler Comics ,7,9.6,NL ,OW-W , ,1942,United Features Syndicate
Sparkler Comics ,8,9.4,NL ,OW-W , ,1942,United Features Syndicate
Sparkler Comics ,9,9.6,NL ,W , ,1942,United Features Syndicate
Sparkler Comics ,10,9.6,NL ,W , ,1942,United Features Syndicate
Sparkler Comics ,11,9,NL ,W , ,1942,United Features Syndicate
Sparkler Comics ,12,9,NL ,W , ,1942,United Features Syndicate
Sparkler Comics ,13,9.6,NM+ ,W , ,1942,United Features Syndicate
Sparkler Comics ,14,9.6,NL ,W , ,1942,United Features Syndicate
Sparkler Comics ,15,9.2,NL ,OW-W , ,1942,United Features Syndicate
Sparkler Comics ,16,6,VG ,OW-W , ,1942,United Features Syndicate
Sparkler Comics ,18,9.4,NL ,OW-W , ,1943,United Features Syndicate
Sparkler Comics ,19,9.4,NL ,OW ,Old grade NM-9.2 ,1943,United Features Syndicate
Sparkler Comics ,23,9.2,NL ,OW , ,1943,United Features Syndicate
Sparkler Comics ,27,9,NM ,OW-W , ,1943,United Features Syndicate
Sparkler Comics ,31,9.6,NM+ ,W , ,1944,United Features Syndicate
Sparkler Comics ,34,6.5,FN ,OW-W , ,1944,United Features Syndicate
Sparkler Comics ,38,9,NM+ ,OW , ,1944,United Features Syndicate
Sparkler Comics ,39,9.4,NM+ ,OW-W ,Old grade NM-9.2 ,1944,United Features Syndicate
Sparkler Comics ,43,9.4,NM+ ,OW , ,1945,United Features Syndicate
Sparkler Comics ,44,9.8,NM+ ,W , ,1945,United Features Syndicate
Sparkler Comics ,45,9.8,NM+ ,OW-W , ,1945,United Features Syndicate
Sparkler Comics ,46,9.2,NM+ ,OW , ,1945,United Features Syndicate
Sparkler Comics ,49,7.5,FN ,OW-W , ,1945,United Features Syndicate
Sparkler Comics ,50,9.8,NM+ ,OW-W , ,1945,United Features Syndicate
Sparkler Comics ,55,9.6,NM+ ,OW-W , ,1946,United Features Syndicate
Sparkler Comics ,57,9.6,NM+ ,W , ,1946,United Features Syndicate
Sparkling Stars ,25,9.2,NM+ ,OW-W , ,1947,Holyoke Publications
Sparkman Comics ,1,9.6,NM+ ,OW-W , ,1945,Frances M. McQueeny
Speed Comics ,14,9,NL ,OW ,Digest size ,1941,Harvey Publications
Speed Comics ,15,9,NL ,OW-W ,Digest size ,1941,Harvey Publications
Speed Comics ,21,9.6,NM+ ,OW-W , ,1942,Harvey Publications
Speed Comics ,27,8.5,NM+ ,W , ,1943,Harvey Publications
Speed Comics ,29,9.4,NM ,W , ,1943,Harvey Publications
Speed Comics ,36,9.6,NM+ ,OW-W , ,1945,Harvey Publications
Speed Comics ,38,9.6,NM+ ,W , ,1945,Harvey Publications
Speed Comics ,39,9.4,NM+ ,OW , ,1945,Harvey Publications
Speed Comics ,41,9.2,NM+ ,OW-W , ,1946,Harvey Publications
Speed Comics ,42,9.4,NL ,OW-W , ,1946,Harvey Publications
Spitfire Comics ,2,8,NL ,OW-W , ,1941,Elliot Publications
Star Comics Vol. 2 ,1,8.5,NL ,W , ,1939,Centaur
Star Spangled Comics ,1,9.4,NM+ ,OW-W , , ,D.C. Comics
Star Spangled Comics ,2,9,NL ,OW , ,1941,D.C. Comics
Star Spangled Comics ,4,9,NL ,OW , ,1942,D.C. Comics
Star Spangled Comics ,7,9.4,NL ,W , , ,D.C. Comics
Star Spangled Comics ,8,9,NL ,W , ,1942,D.C. Comics
Star Spangled Comics ,10,9.2,NL ,OW-W , ,1942,D.C. Comics
Star Spangled Comics ,13,9.2,NL ,W , ,1942,D.C. Comics
Star Spangled Comics ,14,9.4,NL ,W , ,1942,D.C. Comics
Star Spangled Comics ,17,9.6,NM ,W ,Double cover 1st cover 9.2  Old grade 1st cover 7.5 2nd 8.5 ,1943,D.C. Comics
Star Spangled Comics ,19,8,NM ,W , ,1943,D.C. Comics
Star Spangled Comics ,20,9.4,NL ,W , , ,D.C. Comics
Star Spangled Comics ,23,9.2,NM ,OW-W , ,1943,D.C. Comics
Star Spangled Comics ,25,9.4,NM+ ,W , , ,D.C. Comics
Star Spangled Comics ,27,9.4,NM ,OW-W , , ,D.C. Comics
Star Spangled Comics ,30,9.4,NM+ ,OW-W , , ,D.C. Comics
Star Spangled Comics ,33,9.6,NM+ ,OW-W , , ,D.C. Comics
Star Spangled Comics ,35,9.4,NM ,OW-W , , ,D.C. Comics
Star Spangled Comics ,36,9.6,NM+ ,OW-W , , ,D.C. Comics
Star Spangled Comics ,39,9.2,NM ,OW-W , ,1944,D.C. Comics
Star Spangled Comics ,40,9.6,NM+ ,W , , ,D.C. Comics
Star Spangled Comics ,48,9.6,NM ,W , , ,D.C. Comics
Star Spangled Comics ,49,9.4,NM ,OW-W , , ,D.C. Comics
Star Spangled Comics ,50,9.2,NM ,OW-W , ,1945,D.C. Comics
Star Spangled Comics ,54,9.6,NM+ ,W , ,1946,D.C. Comics
Star Spangled Comics ,55,9.8,NM+ ,W , ,1946,D.C. Comics
Star Spangled Comics ,57,9.6,NM ,W , ,1946,D.C. Comics
Star Spangled Comics ,61,7.5,FN ,OW-W , ,1946,D.C. Comics
Star Spangled Comics ,67,9.4,NM+ ,OW-W , , ,D.C. Comics
Star Spangled Comics ,68,9.2,NM ,OW-W , ,1947,D.C. Comics
Star Spangled Comics ,69,9.2,NM+ ,W , ,1947,D.C. Comics
Star Spangled Comics ,72,9.2,NM+ , , , ,D.C. Comics
Star Spangled Comics ,73,9.2,NM , , , ,D.C. Comics
Star Spangled Comics ,80,9.6,NM+ ,OW-W , , ,D.C. Comics
Star Spangled Comics ,81,9,NL ,OW , ,1948,D.C. Comics
Stars And Stripes Comics ,3,8.5,NM ,W , ,1941,Centaur
Stars And Stripes Comics ,4,9,NM ,OW-W , ,1941,Centaur
Stars And Stripes Comics ,5,8.5,NL ,OW-W ,#6 ,1941,Centaur
Stars And Stripes Comics ,5,8,NM ,OW-W , ,1941,Centaur
Startling Comics ,25,9.6,NM+ ,OW-W , ,1944,Better Publications
Startling Comics ,30,9.6,NM+ ,W , ,1944,Better Publications
Startling Comics ,32,9.4,NM+ ,OW-W ,Slight mis-cut ,1945,Better Publications
Startling Comics ,34,9.4,NM+ ,OW-W , ,1945,Better Publications
Startling Comics ,35,6,FR ,W ,tape removed from back cover and last five pages ,1945,Better Publications
Startling Comics ,37,9.4,NM+ ,OW-W , ,1946,Better Publications
Startling Comics ,41,9.6,NM+ ,W , ,1946,Better Publications
Startling Comics ,46,9.6,NM+  ,OW-W , , ,Better Publications
Stony Craig ,0,9.2,NM+ ,OW ,#nn  ,1946,Pentagon
Strange Adventures ,5,8.5,NL ,OW-W , ,1951,D.C. Comics
Strange Adventures ,15,8.5,NL ,OW-W , ,1951,D.C. Comics
Strange Suspense Stories ,2,9,NM ,OW , , ,Charlton Comics
Sun Girl ,2,7,NL ,W , ,1948,Marvel Comics
Sun Girl ,3,9,NL ,OW-W , ,1948,Marvel Comics
Super Comics ,1,9.6,NM+ ,W , ,1938,Dell
Super Comics ,8,9,NM ,OW , ,1938,Dell
Super Comics ,10,9,NM ,OW , ,1939,Dell
Super Comics ,11,8,NM ,W , ,1939,Dell
Super Comics ,22,9.4,NM ,OW-W , ,1940,Dell
Super Comics ,25,9.6,NM+ ,W , ,1940,Dell
Super Comics ,27,9.6,NM ,W , ,1940,Dell
Super Comics ,28,8.5,NM ,OW-W , ,1940,Dell
Super Comics ,29,9.2,NM+ ,W , ,1940,Dell
Super Comics ,31,9.2,NM ,OW-W , ,1940,Dell
Super Comics ,34,9.2,NM+ ,W , ,1941,Dell
Super Comics ,36,9.6,NM+ ,W , ,1941,Dell
Super Comics ,39,9.2,NM ,W , ,1941,Dell
Super Comics ,43,9.6,NM+ ,OW-W , ,1941,Dell
Super Comics ,45,9,NM ,W , ,1942,Dell
Super Comics ,46,8,NM ,W , ,1942,Dell
Super Comics ,51,9,NM ,OW-W , ,1942,Dell
Super Magician Vol.1 ,5,4.5,NM+ , ,Qualified - Centerfold missing ,1942,Street and Smith
Super Magician Vol.1 ,9,6.5,NM , , ,1943,Street and Smith
Super Magician Vol.1 ,11,7.5,NM , , ,1943,Street and Smith
Super Magician Vol.2 ,2,7.5,NM , , ,1943,Street and Smith
Super Magician Vol.2 ,3,9,NM , , ,1943,Street and Smith
Super Magician Vol.2 ,5,8.5,FN , , ,1943,Street and Smith
Super Magician Vol.2 ,6,9.2,NM , , ,1943,Street and Smith
Super Magician Vol.2 ,7,4,NM , , ,1943,Street and Smith
Super Magician Vol.2 ,9,5.5,NM , , ,1944,Street and Smith
Super Magician Vol.2 ,10,8,NM , ,Qualified ,1944,Street and Smith
Super Magician Vol.2 ,11,9.2,NM , , ,1944,Street and Smith
Super Magician Vol.2 ,12,9,FN , , ,1944,Street and Smith
Super Magician Vol.3 ,2,5,NM ,CR-OW , ,1944,Street and Smith
Super Magician Vol.3 ,4,5.5,NM ,CR-OW , ,1944,Street and Smith
Super Magician Vol.3 ,6,4,FN , , ,1944,Street and Smith
Super Magician Vol.3 ,7,4.5,NM , , ,1944,Street and Smith
Super Magician Vol.3 ,9,9,NM+ , , ,1945,Street and Smith
Super Magician Vol.3 ,11,6,NM+ , , ,1945,Street and Smith
Super Magician Vol.3 ,12,7,NM+ , , ,1945,Street and Smith
Super Magician Vol.4 ,1,8,NM , ,Qualified ,1945,Street and Smith
Super Magician Vol.4 ,2,8.5,NM+ , , ,1945,Street and Smith
Super Magician Vol.4 ,3,7.5,NM , , ,1945,Street and Smith
Super Magician Vol.4 ,5,7.5,NM+ , , ,1945,Street and Smith
Super Magician Vol.4 ,6,9,NM , , ,1945,Street and Smith
Super Magician Vol.4 ,8,4,NM , , ,1945,Street and Smith
Super Magician Vol.4 ,9,9.2,NM , , ,1946,Street and Smith
Super Magician Vol.4 ,10,9.2,NM+ , , ,1946,Street and Smith
Super Magician Vol.4 ,11,7.5,NM , , ,1946,Street and Smith
Super Magician Vol.4 ,12,8,NM , , ,1946,Street and Smith
Super Magician Vol.5 ,2,8.5,NM+ , , ,1946,Street and Smith
Super Magician Vol.5 ,3,6,FN , , ,1946,Street and Smith
Super Magician Vol.5 ,4,9,NM , , ,1946,Street and Smith
Super Magician Vol.5 ,5,8.5,NM+ , , ,1946,Street and Smith
Super Magician Vol.5 ,7,4.5,NM ,CR-OW , ,1946,Street and Smith
Super Western Comics ,1,8,NM+ ,W , ,1950,Youtful Magazines
Super-Mystery Comics ,2,9.2,NM ,OW , ,1940,Ace Periodicals
Supersnipe Comics ,6,9.8,NM+ ,OW-W , ,1942,Street and Smith
Supersnipe Comics ,7,9.6,NM ,OW-W , ,1943,Street and Smith
Supersnipe Comics ,9,9.4,NM ,W , ,1943,Street and Smith
Supersnipe Comics ,10,9.6,NM ,W ,Old grade NM- 9.2 ,1943,Street and Smith
Supersnipe Comics ,11,9.6,NM+ ,OW-W , ,1943,Street and Smith
Supersnipe Comics ,12,9.6,NM+ ,W , ,1943,Street and Smith
Supersnipe Comics Vol.2 ,1,9,NM ,W , ,1944,Street and Smith
Supersnipe Comics Vol.2 ,2,9.2,NM ,W , ,1944,Street and Smith
Supersnipe Comics Vol.2 ,5,9.4,NM ,OW , ,1944,Street and Smith
Supersnipe Comics Vol.2 ,6,7.5,NM+ ,OW-W , ,1944,Street and Smith
Supersnipe Comics Vol.2 ,7,9.4,NM+ ,OW-W ,Old grade VF+ 8.5 ,1945,Street and Smith
Supersnipe Comics Vol.2 ,8,8,FN ,W , ,1945,Street and Smith
Supersnipe Comics Vol.2 ,9,9.4,NM ,OW , ,1945,Street and Smith
Supersnipe Comics Vol.2 ,10,9.4,NM ,W , ,1945,Street and Smith
Supersnipe Comics Vol.3 ,1,8.5,NM ,OW-W , ,1946,Street and Smith
Suspense Comics ,5,9.2,NM ,OW-W ,very minor glue and very minor color  ,1944,Continental Magazines
Suspense Comics ,7,9.4,VG ,W ,Old grade NM- 9.2 OW-W ,1944,Continental Magazines
Suspense Comics ,11,9.4,FN ,OW , ,1944,Continental Magazines
Suspense Comics ,12,8.5,NM+ ,CR-OW , ,1944,Continental Magazines
Sweet Sixteen ,1,9.4,NM+ ,W , ,1946,Parents' Magazine Institute
Taffy Comics ,1,9,NM+ ,OW-W , ,1945,Rural Home
Tailspin ,0,9.6,NM+ ,W ,#nn  ,1944,Spotlight/Palace
Tailspin Tommy ,1,9.8,NL ,OW-W , ,1946,Service Publications
Target Comics ,1,9.4,NM+ ,OW-W , ,1940,Novelty Press
Target Comics ,2,9.4,NM ,W , ,1940,Novelty Press
Target Comics ,3,9.8,NL ,W , ,1940,Novelty Press
Target Comics ,4,9.6,NL ,W , ,1940,Novelty Press
Target Comics ,5,9.6,NL ,OW-W , ,1940,Novelty Press
Target Comics ,6,9.8,NL ,W , ,1940,Novelty Press
Target Comics ,7,9.6,NL ,W , ,1940,Novelty Press
Target Comics ,8,9.4,NM+ ,W , ,1940,Novelty Press
Target Comics ,9,9.4,NM+ ,OW-W , ,1940,Novelty Press
Target Comics ,10,9.6,NM+ ,W , ,1940,Novelty Press
Target Comics ,11,9.2,NM+ ,OW , ,1940,Novelty Press
Target Comics ,12,9.4,NM+ ,W , ,1941,Novelty Press
Target Comics Vol.2 ,1,9.4,NM+ ,W , ,1941,Novelty Press
Target Comics Vol.2 ,2,9.4,NL ,OW-W , ,1941,Novelty Press
Target Comics Vol.2 ,3,9.2,NM+ ,W , ,1941,Novelty Press
Target Comics Vol.2 ,4,9.6,NL ,OW-W , ,1941,Novelty Press
Target Comics Vol.2 ,5,9.6,NL ,W , ,1941,Novelty Press
Target Comics Vol.2 ,6,9.2,NL ,OW-W , ,1941,Novelty Press
Target Comics Vol.2 ,7,9.6,NM+ ,OW-W , ,1941,Novelty Press
Target Comics Vol.2 ,8,8.5,NM ,OW-W , ,1941,Novelty Press
Target Comics Vol.2 ,9,7.5,NL ,OW-W , ,1941,Novelty Press
Target Comics Vol.2 ,10,9,NL ,W , ,1941,Novelty Press
Target Comics Vol.2 ,11,9.8,NM+ ,OW-W , ,1942,Novelty Press
Target Comics Vol.2 ,12,9.4,NM ,W , ,1942,Novelty Press
Target Comics Vol.3 ,1,9.6,NL ,W , ,1942,Novelty Press
Target Comics Vol.3 ,2,9.4,NL ,W , ,1942,Novelty Press
Target Comics Vol.3 ,3,9.2,NM+ ,W , ,1942,Novelty Press
Target Comics Vol.3 ,4,9.6,NM+ ,OW , ,1942,Novelty Press
Target Comics Vol.3 ,5,8.5,NL ,OW , ,1942,Novelty Press
Target Comics Vol.3 ,6,8,NM ,W , ,1942,Novelty Press
Target Comics Vol.3 ,7,9.6,NL ,OW-W , ,1942,Novelty Press
Target Comics Vol.3 ,8,9.6,NL ,W , ,1942,Novelty Press
Target Comics Vol.3 ,9,9,NM+ ,W , ,1942,Novelty Press
Target Comics Vol.3 ,10,9.8,NL ,W , ,1942,Novelty Press
Target Comics Vol.3 ,11,9.8,NM+ ,OW-W , ,1943,Novelty Press
Target Comics Vol.3 ,12,9.6,NL ,OW-W , ,1943,Novelty Press
Target Comics Vol.5 ,5,9.4,NM+ ,OW-W , ,1944,Novelty Press
Target Comics Vol.5 ,6,9.2,NM+ ,W , ,1944,Novelty Press
Target Comics Vol.5 ,7,9.6,NM ,OW-W , ,1945,Novelty Press
Target Comics Vol.8 ,2,9.4,NM+ ,W , ,1947,Novelty Press
Target Comics Vol.8 ,4,9,NM ,W , ,1947,Novelty Press
Target Comics Vol.8 ,6,9.2,NM ,W , ,1947,Novelty Press
Target Comics Vol.8 ,7,9.4,NM+ ,W , ,1947,Novelty Press
Target Comics Vol.8 ,10,9.6,NM+ ,W , ,1947,Novelty Press
Target Comics Vol.9 ,1,9.2,NM+ ,CR-OW , ,1948,Novelty Press
Target Comics Vol.9 ,8,9.4,NM+ ,W , ,1948,Novelty Press
Target Comics Vol.9 ,10,9.4,NM ,OW-W , ,1948,Novelty Press
Tarzan ,4,9.2,NL ,W , ,1948,Dell
Tarzan ,5,9.6,NL ,OW-W , ,1948,Dell
Tarzan ,6,9.4,NL ,W , ,1948,Dell
Tarzan ,8,9,NL ,OW-W , ,1949,Dell
Teen Comics ,22,9.4,NM ,W , ,1947,Marvel Comics
Teen Comics ,23,9.2,NM+ ,OW-W , ,1947,Marvel Comics
Teen Comics ,25,8,NM ,OW , ,1948,Marvel Comics
Teen Comics ,26,9.2,NM+ ,OW-W , ,1948,Marvel Comics
Terrific Comics ,1,7.5,FN ,OW-W ,Old grade VF+ 8.5 Qualified ,1944,Continental Magazines
Terrific Comics ,2,8,VG ,OW-W ,Qualified  ,1944,Continental Magazines
Terrific Comics ,3,9,NM ,W , ,1944,Continental Magazines
Terrific Comics ,4,8.5,NM ,W , ,1944,Continental Magazines
Terrific Comics ,6,9,NM+ ,OW-W ,Last issue ,1944,Continental Magazines
Terrors of The Jungle ,6,7.5,NL ,W , ,1953,Star Publications
Tex Farrell ,1,9.6,NM+ ,W , ,1948,D.S. Publishing
Tex Granger ,18,9.6,NM+ ,W , ,1948,Parents' Magazine Institute
Tex Morgan ,2,8.5,NM+ ,W , ,1948,Marvel Comics
Tex Morgan ,3,9.2,NM+ ,OW-W , ,1948,Marvel Comics
The Atomic Thunderbolt ,1,8.5,NM+ , ,graded by AllStarAuctions - not CGC ,1946,
The Comics ,2,9.2,NM ,OW , ,1937,Dell
The Comics ,6,9,NM+ ,OW , ,1938,Dell
The Comics ,7,5.5,NM ,OW , ,1938,Dell
The Comics ,8,,GD ,OW ,FR/GD1.5 ,1938,Dell
The Comics ,11,7,NM ,OW , ,1939,Dell
The Thing ,7,7.5,NM ,W , ,1953,Charlton Comics
Thing ,1,9.2,FN ,W , ,1952,Charlton Comics
Thing ,3,9.4,NM+ ,W , ,1952,Charlton Comics
Thrilling Comics ,22,9.2,NL ,OW-W ,Very minor color touch on cover  ,1941,Better Publications
Thrilling Comics ,30,9.9,NM+ ,W , ,1942,Better Publications
Thrilling Comics ,41,9.2,NM+ ,W , ,1944,Nedor Publications
Thrilling Comics ,48,9.2,NM ,OW-W , ,1945,Better Publications
Tip Top Comics ,19,8.5,FN ,W , ,1937,United Features Syndicate
Tip Top Comics ,32,7,NM ,OW-W , ,1938,United Features Syndicate
Tip Top Comics ,34,8,NM ,OW , ,1939,United Features Syndicate
Tip Top Comics ,37,5.5,FN ,OW , ,1939,United Features Syndicate
Tip Top Comics ,38,7,FN ,OW , ,1939,United Features Syndicate
Tip Top Comics ,39,8,NM ,OW-W ,Qualified Old grade VF- 7.5 BLUE label ,1939,United Features Syndicate
Tip Top Comics ,42,6.5,FN ,W , ,1939,United Features Syndicate
Tip Top Comics ,43,4,FN ,W , ,1939,United Features Syndicate
Tip Top Comics ,52,7,FN ,W , ,1939,United Features Syndicate
Tom Mix Comics ,5,6.5,NM+ ,OW-W , ,1941,Ralston-Purina Co.
Tomahawk ,1,9.6,NM+ ,W ,Manufactured with large piece out margin of 2nd page slightly affects story ,1950,D.C. Comics
Tomahawk ,5,9.4,NM+ ,OW-W , ,1951,D.C. Comics
Tony Trent ,3,9,NM+ ,W , ,1948,Columbia Comic Corporation
Top Secrets ,7,7.5,NM+ ,OW-W , , ,
Top Spot Comics ,1,8.5,NM ,OW-W ,Slight (A) ,1945,Top Comics
Top-Notch Comics ,1,8.5,NM ,W , ,1939,MLJ
Top-Notch Comics ,2,9.6,NM+ ,W , ,1940,MLJ
Top-Notch Comics ,3,9.6,NM+ ,OW-W , ,1940,MLJ
Top-Notch Comics ,4,9.2,NM+ ,W , ,1940,MLJ
Top-Notch Comics ,5,9.2,NM+ ,W , ,1940,MLJ
Top-Notch Comics ,6,9.4,NM+ ,W , ,1940,MLJ
Top-Notch Comics ,7,9.8,NM+ ,W , ,1940,MLJ
Top-Notch Comics ,8,9.6,NM+ ,W , ,1940,MLJ
Top-Notch Comics ,9,9.6,NM+ ,W , ,1940,MLJ
Top-Notch Comics ,10,9.6,NM+ ,W , ,1940,MLJ
Top-Notch Comics ,11,9.6,NM+ ,OW-W , ,1941,MLJ
Top-Notch Comics ,12,9.4,NM+ ,W ,Old grade 9.2 NM- ,1941,MLJ
Top-Notch Comics ,13,9.2,NM+ ,W , ,1941,MLJ
Top-Notch Comics ,14,9.2,NM ,OW-W ,Old grade VF+8.5 OW ,1941,MLJ
Top-Notch Comics ,15,9.6,NM+ ,W , ,1941,MLJ
Top-Notch Comics ,16,9.6,NM+ ,W , ,1941,MLJ
Top-Notch Comics ,17,9.6,NM+ ,W , ,1941,MLJ
Top-Notch Comics ,18,9.6,NM+ ,W , ,1941,MLJ
Top-Notch Comics ,19,9.6,NM+ ,OW-W , ,1941,MLJ
Top-Notch Comics ,20,9.2,NM+ ,W , ,1941,MLJ
Top-Notch Comics ,21,9.2,NM+ ,OW-W , ,1941,MLJ
Top-Notch Comics ,22,9.4,NM+ ,W , ,1941,MLJ
Top-Notch Comics ,23,9.8,NM+ ,OW-W , ,1942,MLJ
Top-Notch Comics ,24,9.4,NM+ ,W , ,1942,MLJ
Top-Notch Comics ,25,9.6,NM+ ,W , ,1942,MLJ
Top-Notch Comics ,26,9.2,NM+ ,W , ,1942,MLJ
Top-Notch Comics ,27,9.4,NM+ ,W , ,1942,MLJ
Top-Notch Comics ,28,9,NM ,OW-W , ,1942,MLJ
Top-Notch Comics ,29,9.4,NM+ ,W , ,1942,MLJ
Top-Notch Comics ,31,9.8,NM+ ,W , ,1942,MLJ
Top-Notch Comics ,32,9.6,NM+ ,W , ,1943,MLJ
Top-Notch Comics ,33,9.8,NM+ ,W , ,1943,MLJ
Top-Notch Comics ,34,9.2,NM ,W , ,1943,MLJ
Top-Notch Comics ,35,8,NM+ ,W , ,1943,MLJ
Top-Notch Comics ,36,9.2,NM+ ,W , ,1943,MLJ
Top-Notch Comics ,37,9.6,NM ,OW-W , ,1943,MLJ
Top-Notch Comics ,38,9.2,NM+ ,OW-W , ,1943,MLJ
Top-Notch Comics ,39,9.4,NM ,W , ,1943,MLJ
Top-Notch Comics ,40,9.6,NM+ ,W , ,1943,MLJ
Top-Notch Comics ,42,8,NM ,W , ,1943,MLJ
Top-Notch Comics ,44,9.2,NM ,W , ,1944,MLJ
Top-Notch Comics ,45,8.5,NM ,W , ,1944,MLJ
Toyland Comics ,2,8,NL ,OW-W , ,1947,Fiction House
Treasure Comics ,1,9.4,NM+ ,OW-W , ,1945,Prize Publications
Treasure Comics ,2,9.8,NM+ ,OW-W , ,1945,Prize Publications
Treasure Comics ,3,9,NM+ ,OW-W , ,1945,Prize Publications
Treasure Comics ,4,9.4,NM+ ,OW-W , ,1945,Prize Publications
Treasure Comics ,5,9.6,NM+ ,W , ,1946,Prize Publications
Treasure Comics ,6,9.4,NM+ ,W , ,1946,Prize Publications
Treasure Comics ,7,9.2,NM+ ,OW-W , ,1946,Prize Publications
Treasure Comics ,9,9.4,NM+ ,OW-W , ,1946,Prize Publications
Treasure Comics ,11,8.5,NM ,W , ,1947,Prize Publications
True Sport Picture Stories Vol.3 ,5,7.5,NM ,W , ,1946,Street and Smith
True Sport Picture Stories Vol.4 ,8,9,NM ,W , ,1948,Street and Smith
True Sport Picture Stories Vol.4 ,11,7,NM ,OW , ,1949,Street and Smith
True Sport Picture Stories Vol.5 ,2,5,FN ,W , ,1949,Street and Smith
Two Gun Kid ,1,9.2,NM+ ,OW , ,1948,Marvel Comics
Two Gun Kid ,3,9.4,NM+ ,OW-W , ,1948,Atlas
Uncle Sam Quarterly ,4,9.6,NL ,OW-W , ,1942,Quality Comics
Uncle Sam Quarterly ,5,8,NL ,OW , ,1942,Quality Comics
Uncle Sam Quarterly ,7,8.5,NL ,OW-W , ,1943,Quality Comics
Wanted ,13,9.4,NM+ ,OW-W , ,1948,Toytown
War Heroes ,7,9.6,NM+ ,OW , ,1944,Dell
Variety Comics ,1,8.5,NM ,W , ,1944,Rural Home
Variety Comics ,3,9.2,NM+ ,OW-W , ,1946,Rural Home
Weird Adventures ,2,9,NM ,W , ,1951,P.L. Pub
Weird Comics ,1,9,NM+ ,W , ,1940,Fox
Weird Comics ,2,9,NM+ ,OW , ,1940,Fox
Weird Comics ,3,9.2,NM ,OW , ,1940,Fox
Weird Comics ,4,9.2,NM+ ,OW , ,1940,Fox
Weird Comics ,6,9.2,FN ,OW-W , ,1940,Fox
Weird Comics ,7,9.2,NM ,W , ,1940,Fox
Weird Comics ,8,9.4,NM+ ,OW-W , ,1940,Fox
Weird Comics ,9,9.2,NM ,OW-W , ,1940,Fox
Weird Comics ,10,9.4,NM+ ,W , ,1940,Fox
Weird Comics ,12,9.4,NM ,OW-W , ,1940,Fox
Weird Comics ,16,9.6,NM ,OW-W , ,1940,Fox
Weird Comics ,17,8.5,NM ,OW-W , ,1941,Fox
Weird Comics ,18,6.5,VG ,W , ,1941,Fox
Weird Tales of the Future ,4,6,FN ,CR-OW , ,1952,Aragon
Western Comics ,1,9.4,NM+ ,W , , ,D.C. Comics
Western Comics ,2,9.6,NM+ ,OW-W , , ,D.C. Comics
Western Comics ,3,9.4,NM ,W , , ,D.C. Comics
Western Comics ,4,,NM , , ,1948,D.C. Comics
Western Comics ,5,9.2,NM ,OW-W , ,1948,D.C. Comics
Western Comics ,7,6,NM ,W , ,1949,D.C. Comics
Western Comics ,8,9.8,NM+ ,W , ,1949,D.C. Comics
Western Comics ,10,9.6,NM+ ,W , ,1949,D.C. Comics
Western Comics ,12,9.6,NM+ ,W , , ,D.C. Comics
Western Comics ,13,9.6,NM+ ,OW-W , ,1950,D.C. Comics
Western Comics ,14,7,NM+ ,OW-W , ,1950,D.C. Comics
Western Comics ,16,9,FN ,OW-W , ,1950,D.C. Comics
Western Comics ,17,9.4,NM+ ,W ,Not slabbed because of large cover overhang ,1950,D.C. Comics
Western Comics ,19,8,NM ,OW-W , ,1951,D.C. Comics
Western Comics ,20,9.6,NM+ ,OW-W , ,1951,D.C. Comics
Western Comics ,22,9.6,NM+ ,OW-W , ,1951,D.C. Comics
Western Comics ,23,9.4,NM+ ,OW-W , ,1951,D.C. Comics
Western Comics ,24,9.4,NM+ ,OW-W , ,1951,D.C. Comics
Western Comics ,26,9.8,NM+ ,W , ,1951,D.C. Comics
Western Comics ,28,9.4,NM ,OW-W , ,1951,D.C. Comics
Western Comics ,32,9.6,NM+ ,W , ,1952,D.C. Comics
Western Comics ,54,9.2,NM+ ,OW , ,1955,D.C. Comics
Western Fighters ,41,6.5,NL ,OW , , ,
Western Hearts ,1,9.4,NM ,W , ,1949,Standard
Western Hero ,76,9.6,NM+ ,W , ,1949,Fawcett
Western Outlaws , ,9,NL ,W ,??? ,1956,Atlas
Western Picture Stories ,1,8.5,NM ,W , ,1937,Comics Magazine
Western Picture Stories ,3,9,NM+ ,OW-W , ,1937,Comics Magazine
Western Thrillers ,3,7.5,NM+ ,OW-W , ,1948,Fox
Western True Crime ,4,8,NM ,OW-W , ,1949,Fox
Whirlwind Comics ,1,9.4,NM+ ,OW-W ,Old grade NM- 9.2 W ,1940,Nita
Whirlwind Comics ,2,8.5,NM ,W , ,1940,Nita
White Rider and Super Horse ,4,9.6,NM+ ,W ,First issue ,1950,Star Publications
Whiz Comics ,49,9.4,NM+ ,OW-W , ,1943,Fawcett
Whiz Comics ,57,7.5,NL , , , ,Fawcett
Whiz Comics ,61,9.4,FN ,OW-W , ,1945,Fawcett
Whiz Comics ,122,6.5,NM ,W , ,1950,Fawcett
Vic Flint ,1,9,NM ,OW-W , ,1948,St. John Publications
Vic Jordan ,1,9.4,NM+ ,OW-W ,Only Issue ,1945,Civil Service Publications
Vic Verity ,3,9.4,NM+ , , , ,
Victory Comics ,3,9.4,NM+ ,OW-W , ,1941,Hillman Periodicals
Wild Bill Hickok ,4,9.6,NL ,W , ,1950,Avon
Wild Boy of the Congo ,11,9.2,NM ,OW-W , ,1954,St. John Publications
Wild Western ,3,9.4,NM ,OW-W , ,1948,Atlas
Wings Comics ,1,9.8,NL ,OW-W , ,1940,Fiction House
Wings Comics ,11,9.6,NL ,W , , ,
Wings Comics ,33,9,NL ,OW , ,1943,Fiction House
Winnie Winkle ,1,8,NM ,W , ,1948,Dell
Witty Comics  ,1,9.2,NM+ ,OW-W , ,1945,Irwin Rubin
Wonder Comics ,2,9.4,NM+ ,W , ,1944,Better Publications
Wonder Comics ,4,9.4,NM+ ,W , ,1945,Better Publications
Wonder Comics ,5,9.6,NM+ ,W , ,1945,Better Publications
Wonder Woman ,9,9.6,NL ,W , ,1944,D.C. Comics
Wonder Woman ,17,9.6,NM+ ,OW-W , ,1946,D.C. Comics
Wonder Woman ,37,4,VG ,OW ,Slight (A) ,1949,D.C. Comics
Wonder Woman ,51,5.5,FN ,OW ,Slight (A) ,1952,D.C. Comics
Wonder Woman ,58,6.5,FN ,OW ,Slight (A) top edge of cover trimmed ,1953,D.C. Comics
Wonder Woman ,59,4,FN ,OW ,Slight (A) ,1953,D.C. Comics
World Famous Heroes Magazine ,1,9,NL ,W , ,1941,Centaur
World's Finest Comics ,15,8,NM ,OW-W , ,1944,D.C. Comics
World's Finest Comics ,18,9.6,NM+ ,W , ,1945,D.C. Comics
Wow Comics ,1,9.4,NM+ ,OW-W ,Very minor amount of glue on spine  ,1940,Fawcett
Wow Comics ,2,9.4,NM ,OW , ,1940,Fawcett
Wow Comics ,12,9,NM , , , ,Fawcett
Wow Comics ,33,9.2,NM ,OW-W , ,1945,Fawcett
Wow Comics ,35,9.4,NM ,W , ,1945,Fawcett
Wow Comics ,40,7,NM ,W , ,1946,Fawcett
Young King Cole ,1,9.4,NL ,W , ,1945,Novelty Press
Young King Cole V2 ,1,9.2,NL ,W , ,1946,Novelty Press
Young King Cole V2 ,2,7.5,NL ,W ,Very minor amount of glue on spine of cover ,1946,Novelty Press
Young King Cole V2 ,3,9.4,NL ,W , ,1946,Novelty Press
Young King Cole V2 ,4,9.4,NL ,OW-W , ,1947,Novelty Press
Young King Cole V2 ,5,9.4,NL ,OW-W , ,1947,Novelty Press
Young King Cole V2 ,6,9.4,NL ,W , ,1947,Novelty Press
Young King Cole V2 ,7,9.4,NL ,OW-W , ,1947,Novelty Press
Young King Cole V3 ,3,9.2,NL ,OW-W , ,1947,Novelty Press
Young King Cole V3 ,4,9.4,NL ,OW-W , ,1947,Novelty Press
Young King Cole V3 ,5,9.4,NL ,OW-W , ,1947,Novelty Press
Young King Cole V3 ,6,9.4,NL ,W , ,1948,Novelty Press
Young King Cole V3 ,7,9.6,NL ,W , ,1948,Novelty Press
Young King Cole V3 ,8,9,NL ,OW-W , ,1948,Novelty Press
Young King Cole V3 ,9,9.4,NL ,OW-W , ,1948,Novelty Press
Young King Cole V3 ,10,9,NL ,W , ,1948,Novelty Press
Young King Cole V3 ,11,9.4,NL ,W , ,1948,Novelty Press
Young King Cole V3 ,12,9.2,NL ,W , ,1948,Novelty Press
Zip Comics ,5,9.4,NM+ ,W , ,1940,MLJ
Zip Comics ,7,9.9,NM+ ,W , ,1940,MLJ
Zip Comics ,16,9.8,NM+ ,W , ,1941,MLJ
Zip Comics ,19,9.4,NM ,W , ,1942,MLJ
Zip Comics ,20,9.6,NM ,OW-W , ,1941,MLJ
Zip Comics ,27,9,NM ,W , ,1942,MLJ
Zip Comics ,28,9.4,NM ,W , ,1942,MLJ
Zip Comics ,29,9.4,NM+ ,W , ,1942,MLJ
Zip Comics ,31,9.6,NM+ ,W , ,1942,MLJ
Zip Comics ,38,9.6,NM+ ,W , ,1943,MLJ
Zoom Comics ,0,9,NM ,OW-W ,Only issue ,1945,Carlton Publishing 
