Title,Issue,MHC Grade,MHC Price,CGC Grade,Page Quality,Note,Year,Publisher,Comments
gabby hayes,1,NM+,$25.00 ,,,,1948,Fawcett,
gabby hayes,2,FN,$5.00 ,,,,1949,Fawcett,
gabby hayes,3,NM+,$10.00 ,,,,1949,Fawcett,
gabby hayes,4,NM+,$10.00 ,,,,1949,Fawcett,
gabby hayes,5,NM+,$10.00 ,,,,1949,Fawcett,
gabby hayes,6,NM,$7.00 ,,,,1949,Fawcett,
gabby hayes,7,NM+,$10.00 ,,,,1949,Fawcett,
gabby hayes,8,NM+,$10.00 ,,,,1949,Fawcett,
gabby hayes,9,VG,$3.00 ,,,,1949,Fawcett,
gabby hayes,10,FN,$7.00 ,,,,1949,Fawcett,
gabby hayes,11,NM,$6.00 ,,,,1949,Fawcett,
gabby hayes,12,NM+,$9.00 ,,,,1949,Fawcett,
gabby hayes,14,VG,$3.00 ,,,,1949,Fawcett,
gabby hayes,15,NM,$6.00 ,,,,1949,Fawcett,
gabby hayes,16,NM,$6.00 ,,,,1950,Fawcett,
gabby hayes,17,NM,$6.00 ,,,,1950,Fawcett,
gabby hayes,18,NM+,$9.00 ,,,,1950,Fawcett,
gabby hayes,19,NM,$6.00 ,,,,1950,Fawcett,
gabby hayes,21,FN,$4.00 ,,,,1950,Fawcett,
gabby hayes,24,VG,$3.00 ,,,,1950,Fawcett,
gabby hayes,26,FN,$4.00 ,,,,1951,Fawcett,
gabby hayes,27,FN,$4.00 ,,,,1951,Fawcett,
gabby hayes,30,NM,$5.00 ,,,,1951,Fawcett,
gabby hayes,32,FN,$4.00 ,,,,1951,Fawcett,
gabby hayes,34,NM+,$7.00 ,,,,1951,Fawcett,
gabby hayes,35,FN,$4.00 ,,,,1951,Fawcett,
gabby hayes,36,FN,$4.00 ,,,,1951,Fawcett,
gabby hayes,37,NM+,$7.00 ,,,,1951,Fawcett,
gabby hayes,46,VG,$3.00 ,,,,1952,Fawcett,
gabby hayes,49,FN,$4.00 ,,,,1952,Fawcett,
gang busters,1,NM+,$30.00 ,9.4,W , ,1947,National,
gang busters,2,NM+,$15.00 ,9.6,OW-W , ,1948,National,
gang busters,3,NM,$3.00 ,8,OW , ,1948,National,
gang busters,4,NM+,$8.00 ,,,,1948,National,
gang busters,5,FN,$4.00 ,,,,1948,National,
gang busters,6,NM+,$8.00 ,9.6,OW-W ,Old grade NM 9.4 Mis-cut (Greg manning auc.) ,1948,National,
gang busters,7,NM+,$8.00 ,9,OW-W , ,1949,National,
gang busters,8,NM+,$8.00 ,,,,1949,National,
gang busters,9,VG,$3.00 ,9.6,OW-W , ,1949,National,
gang busters,10,FN,$4.00 ,6.5,W , ,1949,National,
gang busters,11,NM+,$5.00 ,9.6,W ,Mis-cut ,1949,National,
gang busters,12,NM,$4.00 ,,,,1949,National,
gang busters,13,NM+,$5.00 ,9.4,W , ,1950,National,
gang busters,14,NM,$40.00 ,,,,1950,National,
gang busters,15,NM,$4.00 ,,,,1950,National,
gang busters,16,VG,$2.00 ,,,,1950,National,
gang busters,17,NM,$40.00 ,,,,1950,National,
gang busters,18,NM,$4.00 ,,,,1950,National,
gang busters,19,NM+,$5.00 ,,,,1951,National,
gang busters,20,NM+,$5.00 ,,,,1951,National,
gang busters,21,NM,$4.00 ,,,,1951,National,
gang busters,22,VG,$2.00 ,,,,1951,National,
gang busters,23,NM,$4.00 ,9.6,OW-W ,Double Cover Both covers 9.6 ,1951,National,
gang busters,24,NM,$4.00 ,,,,1951,National,
gang busters,25,NM+,$5.00 ,9.6,W , ,1952,National,
gang busters,26,NM+,$5.00 ,,,,1952,National,
gang busters,27,NM,$4.00 ,,,,1952,National,
gang busters,28,NM+,$5.00 ,,,,1952,National,
gang busters,29,FN,$3.00 ,,,,1952,National,
gang busters,30,FN,$3.00 ,,,,1952,National,
gang busters,31,FN,$4.00 ,,,,1953,National,
gang busters,32,VG,$2.00 ,,,,1953,National,
gang busters,33,VG,$2.00 ,,,,1953,National,
gang busters,37,FN,$3.00 ,9,OW-W , ,1954,National,
gang busters (color),7,NM+,$50.00 ,,,,1940,Dell,
gang busters (fc),23,NM+,$45.00 ,,,,1941,Dell,
gang busters (fc),24,NM+,$45.00 ,,,,1942,Dell,
gang world,5,FN,$3.00 ,,,,1952,Standard,
gang world,6,FN,$3.00 ,,,,1953,Standard,
gansters & gun molls,1,NM+,$18.00 ,,,,1951,Avon,
gansters & gun molls,2,NM+,$15.00 ,,,,1951,Avon,
gansters & gun molls,3,NM+,$15.00 ,,,,1952,Avon,
gansters & gun molls,4,NM+,$15.00 ,,,,1951,Avon,
gansters can't win,1,NM+,$6.00 ,,,,1948,D.S. Publishing,
gansters can't win,2,NM+,$5.00 ,,,,1948,D.S. Publishing,
gansters can't win,3,FN,$3.00 ,,,,1948,D.S. Publishing,
gansters can't win,4,NM,$4.00 ,,,,1948,D.S. Publishing,
gansters can't win,5,G,$2.00 ,,,,1948,D.S. Publishing,
gansters can't win,6,G,$2.00 ,,,,1948,D.S. Publishing,
gansters can't win,7,NM,$4.00 ,,,,1949,D.S. Publishing,
gansters can't win,8,NM,$4.00 ,,,,1949,D.S. Publishing,
gansters can't win,9,FN,$3.00 ,,,,1949,D.S. Publishing,
gay comics,1,NM+,$50.00 ,,,,1944,Timely,
gay comics,18,NM+,$25.00 ,,,,1944,Timely,
gay comics,19,NM+,$25.00 ,,,,1944,Timely,
gay comics,20,NM+,$25.00 ,9.8,W , ,1945,Timely,
gay comics,21,NM,$20.00 ,9.6,W , ,1945,Timely,
gay comics,22,NM,$20.00 ,,,,1945,Timely,
gay comics,23,NM+,$25.00 ,,,,1946,Timely,
gay comics,24,NM+,$25.00 ,,,,1946,Timely,
gay comics,25,NM+,$25.00 ,,,,1946,Timely,
gay comics,26,NM+,$25.00 ,,,,1947,Timely,
gay comics,27,NM+,$25.00 ,,,,1947,Timely,
gay comics,28,NM,$20.00 ,,,,1947,Timely,
gay comics,29,NM+,$25.00 ,,,,1947,Timely,
gay comics,30,NM,$8.00 ,,,,1948,Timely,
gay comics,31,FN,$5.00 ,,,,1948,Timely,
gay comics,32,NM,$4.00 ,,,,1948,Timely,
gay comics,33,NM,$8.00 ,,,,1948,Timely,
gay comics,34,FN,$6.00 ,,,,1948,Timely,
gay comics,35,NM,$4.00 ,,,,1948,Timely,
gay comics,36,NM,$8.00 ,,,,1949,Timely,
gay comics,37,FN,$8.00 ,,,,1949,Timely,
gay comics,38,FN,$3.00 ,,,,1949,Timely,
gay comics,39,FN,$3.00 ,,,,1949,Timely,
gay comics,40,FN,$3.00 ,,,,1949,Timely,
gem comics,1,NM+,$10.00 ,,,,1945,Spotlight,
gene autry (dell),2,NM,$6.00 ,,,,1946,Dell,
gene autry (dell),3,NM+,$16.00 ,,,,1946,Dell,
gene autry (dell),4,NM+,$16.00 ,,,,1946,Dell,
gene autry (dell),5,NM,$13.00 ,,,,1947,Dell,
gene autry (dell),6,NM+,$16.00 ,,,,1947,Dell,
gene autry (dell),7,NM+,$16.00 ,,,,1947,Dell,
gene autry (dell),8,NM+,$16.00 ,,,,1947,Dell,
gene autry (dell),9,NM+,$16.00 ,,,,1947,Dell,
gene autry (dell),10,NM+,$16.00 ,,,,1947,Dell,
gene autry (dell),11,NM+,$80.00 ,,,,1948,Dell,
gene autry (dell),12,NM+,$80.00 ,,,,1948,Dell,
gene autry (dell),13,NM,$8.00 ,,,,1948,Dell,
gene autry (dell),14,NM+,$11.00 ,,,,1948,Dell,
gene autry (dell),15,NM+,$11.00 ,,,,1948,Dell,
gene autry (dell),16,NM,$8.00 ,,,,1948,Dell,
gene autry (dell),17,NM+,$11.00 ,,,,1948,Dell,
gene autry (dell),18,NM+,$11.00 ,,,,1948,Dell,
gene autry (dell),19,NM+,$11.00 ,,,,1948,Dell,
gene autry (dell),20,NM+,$11.00 ,,,,1948,Dell,
gene autry (dell),21,NM+,$11.00 ,,,,1948,Dell,
gene autry (dell),22,NM+,$11.00 ,,,,1948,Dell,
gene autry (dell),23,NM+,$11.00 ,,,,1949,Dell,
gene autry (dell),24,NM+,$11.00 ,,,,1949,Dell,
gene autry (dell),25,NM+,$11.00 ,,,,1949,Dell,
gene autry (dell),26,NM+,$11.00 ,,,,1949,Dell,
gene autry (dell),27,NM+,$11.00 ,,,,1949,Dell,
gene autry (dell),28,NM+,$11.00 ,,,,1949,Dell,
gene autry (dell),29,NM+,$11.00 ,,,,1949,Dell,
gene autry (dell),30,NM+,$11.00 ,,,,1949,Dell,
gene autry (dell),31,NM+,$6.00 ,,,,1949,Dell,
gene autry (dell),32,NM+,$6.00 ,,,,1949,Dell,
gene autry (dell),33,NM+,$6.00 ,,,,1949,Dell,
gene autry (dell),34,NM+,$6.00 ,,,,1949,Dell,
gene autry (dell),35,NM+,$6.00 ,,,,1950,Dell,
gene autry (dell),36,NM+,$6.00 ,,,,1950,Dell,
gene autry (dell),37,NM+,$6.00 ,,,,1950,Dell,
gene autry (dell),38,NM+,$6.00 ,,,,1950,Dell,
gene autry (dell),39,NM+,$6.00 ,,,,1950,Dell,
gene autry (dell),40,NM+,$6.00 ,,,,1950,Dell,
gene autry (dell),41,NM+,$6.00 ,,,,1950,Dell,
gene autry (dell),42,NM+,$6.00 ,,,,1950,Dell,
gene autry (dell),43,NM+,$6.00 ,,,,1950,Dell,
gene autry (dell),44,NM+,$6.00 ,,,,1950,Dell,
gene autry (dell),45,NM+,$6.00 ,,,,1950,Dell,
gene autry (dell),47,NM+,$6.00 ,,,,1951,Dell,
gene autry (dell),48,NM+,$6.00 ,,,,1951,Dell,
gene autry (dell),49,NM+,$6.00 ,,,,1951,Dell,
gene autry (dell),50,NM+,$6.00 ,,,,1951,Dell,
gene autry (dell),51,NM+,$6.00 ,,,,1951,Dell,
gene autry (dell),52,NM+,$6.00 ,,,,1951,Dell,
gene autry (dell),53,NM+,$6.00 ,,,,1951,Dell,
gene autry (dell),54,NM+,$6.00 ,,,,1951,Dell,
gene autry (dell),55,NM+,$6.00 ,,,,1951,Dell,
gene autry (dell),56,NM+,$6.00 ,,,,1951,Dell,
gene autry (dell),57,NM+,$6.00 ,,,,1951,Dell,
gene autry (dell),58,NM+,$6.00 ,,,,1951,Dell,
gene autry (dell),59,NM+,$6.00 ,,,,1952,Dell,
gene autry (dell),60,NM+,$6.00 ,,,,1952,Dell,
gene autry (dell),61,NM+,$6.00 ,,,,1952,Dell,
gene autry (dell),62,NM,$4.00 ,,,,1952,Dell,
gene autry (dell),64,NM+,$6.00 ,,,,1952,Dell,
gene autry (dell),65,NM+,$6.00 ,,,,1952,Dell,
gene autry (dell),66,VG,$2.00 ,,,,1952,Dell,
gene autry (dell),67,VG,$2.00 ,,,,1952,Dell,
gene autry (dell),68,NM+,$6.00 ,,,,1952,Dell,
gene autry (dell),69,VG,$2.00 ,,,,1952,Dell,
gene autry (dell),70,FN,$3.00 ,,,,1952,Dell,
gene autry (dell),71,VG,$2.00 ,,,,1953,Dell,
gene autry (dell),72,G,$2.00 ,,,,1953,Dell,
gene autry (dell),73,NM+,$5.00 ,,,,1953,Dell,
gene autry (dell),74,FN,$3.00 ,,,,1953,Dell,
gene autry (dell),75,NM,$4.00 ,,,,1953,Dell,
gene autry (dell),76,FN,$3.00 ,,,,1953,Dell,
gene autry (dell),77,FN,$3.00 ,,,,1953,Dell,
gene autry (dell),78,VG,$2.00 ,,,,1953,Dell,
gene autry (dell),80,VG,$2.00 ,,,,1953,Dell,
gene autry (dell),100,NM,$4.00 ,,,,1955,Dell,
gene autry (dell),105,FN,$3.00 ,,,,1955,Dell,
gene autry (dell),106,NM+,$5.00 ,,,,1955,Dell,
gene autry (dell),107,FN,$3.00 ,,,,1956,Dell,
gene autry (dell),108,NM+,$5.00 ,,,,1956,Dell,
gene autry (dell),112,NM+,$5.00 ,,,,1956,Dell,
gene autry (fawcett),1,NM+,$80.00 ,9,OW-W ,Oversized - not CGC graded ,1941,Fawcett,
gene autry (fawcett),3,NM+,$90.00 ,8,OW ,Old grade VF 8.0  ,1942,Fawcett,
gene autry (fawcett),4,NM+,$90.00 ,9.4,OW-W , ,1943,Fawcett,
gene autry (fawcett),5,NM+,$90.00 ,9.4,OW , ,1943,Fawcett,
gene autry (fawcett),6,NM+,$60.00 ,9.6,OW-W , ,1943,Fawcett,
gene autry (fawcett),7,NM+,$60.00 ,9.4,OW-W , ,1943,Fawcett,
gene autry (fawcett),8,NM,$45.00 ,9.4,W , ,1943,Fawcett,
gene autry (fawcett),9,NM+,$60.00 ,9.6,OW-W , ,1943,Fawcett,
gene autry (fawcett),10,NM+,$60.00 ,8.5,OW-W , ,1943,Fawcett,
gene autry (fc),47,NM+,$65.00 ,,,,1944,Dell,
gene autry (fc),57,NM+,$35.00 ,,,,1944,Dell,
gene autry (fc),66,NM+,$50.00 ,,,,1945,Dell,
gene autry (fc),75,NM+,$40.00 ,,,,1945,Dell,
gene autry (fc),83,NM+,$40.00 ,,,,1945,Dell,
gene autry (fc),93,NM+,$27.00 ,,,,1946,Dell,
gene autry's champion ,3,NM,$4.00 ,,,,1951,Dell,
gene autry's champion ,4,NM,$4.00 ,,,,1951,Dell,
gene autry's champion ,5,VG,$2.00 ,,,,1952,Dell,
gene autry's champion ,6,FN,$3.00 ,,,,1952,Dell,
gene autry's champion ,7,FN,$3.00 ,,,,1952,Dell,
gene autry's champion ,8,VG,$2.00 ,,,,1952,Dell,
gene autry's champion ,10,NM+,$5.00 ,,,,1953,Dell,
gene autry's champion ,11,FN,$3.00 ,,,,1953,Dell,
gene autry's champion ,18,NM+,$5.00 ,,,,1955,Dell,
gene autry's champion ,19,NM+,$5.00 ,,,,1955,Dell,
gene autry's champion (fc),287,VG,$4.00 ,,,,1950,Dell,
gene autry's champion (fc),319,FN,$4.00 ,,,,1951,Dell,
georgie comics ,1,NM+,$12.00 ,,,,1945,Timely,
georgie comics ,2,NM+,$8.00 ,,,,1945,Timely,
georgie comics ,3,NM,$6.00 ,,,,1945,Timely,
georgie comics ,4,G,$2.00 ,,,,1946,Timely,
georgie comics ,5,NM+,$8.00 ,,,,1946,Timely,
georgie comics ,6,FN,$4.00 ,8.5,OW-W , ,1946,Timely,
georgie comics ,8,NM,$6.00 ,9.6,OW-W , ,1946,Timely,
georgie comics ,9,NM,$8.00 ,,,,1947,Timely,
georgie comics ,10,NM+,$10.00 ,9.2,W , ,1947,Timely,
georgie comics ,11,NM,$4.00 ,9,OW-W , ,1947,Timely,
georgie comics ,12,NM,$4.00 ,9.6,OW-W , ,1947,Timely,
georgie comics ,13,NM+,$12.00 ,,,,1947,Timely,
georgie comics ,14,NM+,$17.00 ,,,,1948,Timely,
georgie comics ,15,NM+,$5.00 ,,,,1948,Timely,
georgie comics ,16,FN,$3.00 ,,,,1948,Timely,
georgie comics ,17,NM,$8.00 ,,,,1948,Timely,
georgie comics ,18,NM,$4.00 ,,,,1948,Timely,
georgie comics ,19,NM,$4.00 ,,,,1948,Timely,
georgie comics ,20,NM,$4.00 ,,,,1949,Timely,
georgie comics ,21,NM,$4.00 ,,,,1949,Timely,
georgie comics ,22,FN,$3.00 ,,,,1949,Timely,
georgie comics ,23,FN,$3.00 ,,,,1949,Timely,
georgie comics ,24,VG,$2.00 ,,,,1949,Timely,
georgie comics ,28,NM,$4.00 ,,,,1950,Timely,
georgie comics ,30,G,$2.00 ,,,,1951,Timely,
geronimo,1,NM+,$12.00 ,,,,1950,Avon,
geronimo and his apache murderers,3,NM+,$8.00 ,,,,1951,Avon,
geronimo on the warpath,2,NM+,$10.00 ,,,,1951,Avon,
ghost,1,NM+,$12.00 ,,,,1951,Fiction House,
ghost,2,NM+,$8.00 ,,,,1952,Fiction House,
ghost,3,NM+,$8.00 ,,,,1952,Fiction House,
ghost,4,NM+,$8.00 ,,,,1952,Fiction House,
ghost,5,NM+,$8.00 ,,,,1952,Fiction House,
ghost,6,FN,$4.00 ,,,,1953,Fiction House,
ghost,9,NM+,$8.00 ,,,,1953,Fiction House,
ghost,10,VG,$4.00 ,,,,1954,Fiction House,
ghost breakers,2,NM+,$8.00 ,,,,1948,Street & Smith,
ghost rider,1,NM+,$75.00 ,,,,1950,Magazine Enterprises,
ghost rider,2,NM+,$65.00 ,,,,1950,Magazine Enterprises,
ghost rider,6,NM+,$18.00 ,,,,1951,Magazine Enterprises,
ghost rider,8,NM+,$18.00 ,8.5,OW-W , ,1952,Magazine Enterprises,
ghost rider,9,VG,$5.00 ,,,,1952,Magazine Enterprises,
ghost rider,10,VG,$5.00 ,,,,1952,Magazine Enterprises,
ghost rider,15,VG,$5.00 ,,,,1952,Magazine Enterprises,
gi joe,1,FN,$4.00 ,,,,1950,Ziff-Davis,
gi joe,6,FN,$3.00 ,,,,1951,Ziff-Davis,
gi joe,7,VG,$2.00 ,,,,1952,Ziff-Davis,
gi joe,8,NM,$4.00 ,,,,1952,Ziff-Davis,
gi joe,9,NM,$4.00 ,,,,1952,Ziff-Davis,
gi joe,10,NM,$4.00 ,,,,1952,Ziff-Davis,
gi joe,11,NM+,$4.00 ,,,,1952,Ziff-Davis,
gi joe,12,NM+,$4.00 ,,,,1952,Ziff-Davis,
gi joe,13,NM+,$4.00 ,,,,1952,Ziff-Davis,
gi joe,14,FN,$3.00 ,,,,1952,Ziff-Davis,
gi joe,16,FN,$3.00 ,,,,1952,Ziff-Davis,
giant comics edition,12,FR,$2.00 ,,,,1950,St. John,
giant comics edition,15,VG,$4.00 ,,,,1950,St. John,
gift comics,3,FN,$100.00 ,,,,1949,Fawcett,
gift comics,NN,FN,$225.00 ,,,,1942,Fawcett,
giggle comics,12,FN,$3.00 ,,,,1944,ACG,
giggle comics,16,FN,$3.00 ,,,,1945,ACG,
giggle comics,18,VG,$2.00 ,,,,1945,ACG,
giggle comics,20,VG,$2.00 ,,,,1945,ACG,
giggle comics,25,VG,$2.00 ,,,,1945,ACG,
giggle comics,27,FN,$3.00 ,,,,1945,ACG,
giggle comics,28,NM,$4.00 ,,,,1946,ACG,
giggle comics,34,FN,$3.00 ,,,,1946,ACG,
giggle comics,36,NM,$4.00 ,,,,1946,ACG,
giggle comics,40,VG,$2.00 ,,,,1947,ACG,
giggle comics,53,NM,$4.00 ,,,,1948,ACG,
giggle comics,65,FN,$3.00 ,,,,1949,ACG,
giggle comics,66,FN,$3.00 ,,,,1949,ACG,
giggle comics,67,FN,$3.00 ,,,,1949,ACG,
ginger,4,FN,$3.00 ,,,,1952,MLJ,
girl comics,1,VG,$5.00 ,,,,1949,Timely,
girl comics,2,NM,$10.00 ,,,,1950,Timely,
girl comics,3,VG,$4.00 ,,,,1950,Timely,
girl comics,5,NM,$10.00 ,,,,1950,Timely,
girl comics,6,FN,$7.00 ,,,,1951,Timely,
girl comics,7,NM+,$12.00 ,,,,1951,Timely,
girl comics,8,VG,$4.00 ,,,,1951,Timely,
girl comics,9,NM,$10.00 ,,,,1951,Timely,
girl comics,11,FN,$7.00 ,,,,1951,Timely,
girl comics,12,FN,$7.00 ,,,,1952,Timely,
girl confessions,15,FN,$3.00 ,,,,1952,Timely,
girl confessions,19,NM,$4.00 ,,,,1952,Timely,
girl confessions,22,FN,$3.00 ,,,,1953,Timely,
girl confessions,23,NM+,$5.00 ,,,,1953,Timely,
girl confessions,26,FN,$3.00 ,,,,1953,Timely,
girl's love,1,NM,$15.00 ,,,,1949,National,
girl's love,2,VG,$4.00 ,,,,1949,National,
girl's love,3,VG,$4.00 ,,,,1950,National,
girl's love,4,VG,$4.00 ,,,,1950,National,
girl's love,15,FN,$4.00 ,,,,1952,National,
girl's love,19,VG,$2.00 ,,,,1952,National,
girl's love,22,VG,$3.00 ,,,,1953,National,
girl's love,25,VG,$3.00 ,,,,1953,National,
girl's romances,2,NM+,$11.00 ,,,,1950,National,
girl's romances,6,FR,$2.00 ,,,,1951,National,
girl's romances,7,NM+,$11.00 ,,,,1951,National,
girl's romances,11,VG,$4.00 ,,,,1951,National,
girl's romances,12,NM+,$8.00 ,,,,1952,National,
girl's romances,13,FN,$4.00 ,,,,1952,National,
girl's romances,14,FN,$4.00 ,,,,1952,National,
glamorous romances,41,G,$2.00 ,,,,1949,Ace Magazines,
glamorous romances,42,NM,$4.00 ,,,,1949,Ace Magazines,
glamorous romances,43,VG,$2.00 ,,,,1949,Ace Magazines,
glamorous romances,44,VG,$2.00 ,,,,1950,Ace Magazines,
glamorous romances,47,FN,$3.00 ,,,,1950,Ace Magazines,
glamorous romances,53,FN,$3.00 ,,,,1951,Ace Magazines,
glamorous romances,55,VG,$2.00 ,,,,1941,Ace Magazines,
glamorous romances,61,FN,$3.00 ,,,,1952,Ace Magazines,
glamorous romances,66,FN,$3.00 ,,,,1952,Ace Magazines,
glamorous romances,68,FN,$3.00 ,,,,1953,Ace Magazines,
gland slam three aces,44,NM,$5.00 ,,,,1945,Anglo-American,
gland slam three aces,45,NM+,$6.00 ,,,,1945,Anglo-American,
gland slam three aces,46,NM+,$6.00 ,,,,1945,Anglo-American,
gland slam three aces,47,FN,$4.00 ,,,,1945,Anglo-American,
gland slam three aces,48,VG,$3.00 ,,,,1945,Anglo-American,
gland slam three aces,49,VG,$3.00 ,,,,1945,Anglo-American,
gland slam three aces,50,FN,$4.00 ,,,,1946,Anglo-American,
gland slam three aces,51,VG,$3.00 ,,,,1946,Anglo-American,
gland slam three aces,52,NM+,$6.00 ,,,,1946,Anglo-American,
gland slam three aces,53,NM+,$6.00 ,,,,1946,Anglo-American,
gold medal comics (128 pages 1945),NN,NM,$14.00 ,,,,1945,Cambridge House,
golden arrow,1,NM+,$60.00 ,,,,1942,Fawcett,
golden arrow,2,NM+,$35.00 ,,,,1943,Fawcett,
golden arrow,3,NM+,$18.00 ,,,,1945,Fawcett,
golden arrow,4,NM+,$18.00 ,,,,1946,Fawcett,
golden arrow,5,NM+,$18.00 ,,,,1947,Fawcett,
golden arrow,6,NM+,$18.00 ,,,,1947,Fawcett,
golden lad,1,NM+,$35.00 ,,,,1945,Spark Publications,
golden lad,2,NM,$12.00 ,9.4,W ,Old grade VF-NM 9.0 OW-W ,1945,Spark Publications,
golden lad,3,NM,$10.00 ,,,,1946,Spark Publications,
golden lad,4,NM+,$12.00 ,,,,1946,Spark Publications,
golden lad,5,NM,$15.00 ,,,,1946,Spark Publications,
golden west love,1,NM,$6.00 ,,,,1949,Kirby Publications,
golden west love,2,FN,$3.00 ,,,,1949,Kirby Publications,
golden west love,3,G,$2.00 ,,,,1950,Kirby Publications,
goofy comics,10,NM,$4.00 ,,,,1944,Standard,
goofy comics,17,NM+,$5.00 ,,,,1945,Standard,
gray ghost,911,NM,$5.00 ,,,,1958,Dell,
gray ghost,1000,NM+,$5.00 ,,,,1959,Dell,
great comics,1,NM+,$65.00 ,,,,1941,Standard,
great comics ,2,NM+,$40.00 ,,,,1941,Standard,
great comics ,3,NM,$30.00 ,,,,1942,Standard,
great comics (novak),1,NM+,$22.00 ,,,,1945,Novack,
great lover romances,1,VG,$2.00 ,,,,1951,Toby,
great lover romances,2,FN,$3.00 ,,,,1951,Toby,
great lover romances,3,VG,$2.00 ,,,,1952,Toby,
great lover romances,7,FN,$3.00 ,,,,1952,Toby,
great lover romances,9,VG,$3.00 ,,,,1953,Toby,
great western,10,FN,$4.00 ,,,,1954,Magazine Enterprises,
green hornet ,1,NL ,,9.2,OW ,Old grade VF+ 8.5 OW-W ,1940,Harvey ,
green hornet,2,NM,$100.00 ,,,,1941,Harvey ,
green hornet,3,NM,$60.00 ,,,,1941,Harvey ,
green hornet,4,NM+,$65.00 ,,,,1941,Harvey ,
green hornet,5,NM,$40.00 ,,,,1941,Harvey ,
green hornet,6,NM,$35.00 ,8.5,OW , ,1941,Harvey ,
green hornet,7,NM,$50.00 ,,,,1942,Harvey ,
green hornet,9,NM+,$40.00 ,,,,1942,Harvey ,
green hornet,10,NM,$30.00 ,,,,1942,Harvey ,
green hornet,11,NM,$27.00 ,,,,1943,Harvey ,
green hornet,12,NM,$27.00 ,,,,1943,Harvey ,
green hornet,13,NM+,$27.00 ,,,,1943,Harvey ,
green hornet,14,NM+,$27.00 ,,,,1943,Harvey ,
green hornet,15,NM,$18.00 ,,,,1943,Harvey ,
green hornet,16,NM,$18.00 ,,,,1944,Harvey ,
green hornet,17,FN,$14.00 ,7.5,W , ,1944,Harvey ,
green hornet,18,FN,$14.00 ,,,,1944,Harvey ,
green hornet,20,NM+,$27.00 ,9.4,OW , ,1944,Harvey ,
green hornet,22,NM+,$22.00 ,,,,1945,Harvey ,
green hornet,23,NM+,$22.00 ,,,,1945,Harvey ,
green hornet,25,NM+,$22.00 ,,,,1945,Harvey ,
green hornet,26,NM+,$22.00 ,,,,1945,Harvey ,
green hornet,27,NM+,$22.00 ,,,,1945,Harvey ,
green hornet,28,NM,$15.00 ,,,,1946,Harvey ,
green hornet,29,NM,$15.00 ,,,,1946,Harvey ,
green hornet,30,NM+,$22.00 ,,,,1946,Harvey ,
green hornet,32,NM,$15.00 ,,,,1947,Harvey ,
green hornet,33,NM+,$22.00 ,,,,1947,Harvey ,
green hornet,34,NM,$18.00 ,,,,1947,Harvey ,
green hornet,35,NM+,$22.00 ,,,,1947,Harvey ,
green hornet,36,NM+,$22.00 ,,,,1947,Harvey ,
green hornet,37,NM+,$27.00 ,,,,1948,Harvey ,
green hornet,38,NM+,$27.00 ,,,,1948,Harvey ,
green hornet,39,NM+,$45.00 ,,,,1948,Harvey ,
green hornet,40,NM+,$14.00 ,,,,1948,Harvey ,
green hornet,41,NM+,$14.00 ,,,,1948,Harvey ,
green hornet,42,NM+,$17.00 ,,,,1948,Harvey ,
green hornet,43,NM+,$17.00 ,,,,1949,Harvey ,
green hornet,44,NM+,$17.00 ,,,,1949,Harvey ,
green hornet,45,NM+,$17.00 ,,,,1949,Harvey ,
green hornet,46,NM+,$17.00 ,,,,1949,Harvey ,
green hornet,47,NM+,$17.00 ,,,,1949,Harvey ,
green hornet (fc),496,NM+,$9.00 ,,,,1953,Dell,
green lama ,1,NL ,,9,CR-OW , ,1944,Spark Publications,
green lama,2,NM+,$55.00 ,,,,1945,Spark Publications,
green lama,3,NM+,$45.00 ,9.2,OW , ,1945,Spark Publications,
green lama,4,NM+,$45.00 ,9.4,OW-W , ,1945,Spark Publications,
green lama,6,NM+,$45.00 ,8.5,W , ,1945,Spark Publications,
green lama,7,NM+,$45.00 ,8.5,W , ,1946,Spark Publications,
green lama,8,NM+,$45.00 ,9,OW , ,1946,Spark Publications,
green lantern,1,NM,$500.00 ,,,,1941,National,
green lantern,2,NM+,$300.00 ,,,,1941,National,
green lantern,3,NM+,$225.00 ,,,,1942,National,
green lantern,4,NM,$160.00 ,,,,1942,National,
green lantern,6,NM+,$150.00 ,,,,1942,National,
green lantern,7,NM,$120.00 ,,,,1943,National,
green lantern,10,NM+,$125.00 ,,,,1943,National,
green lantern,11,NM,$90.00 ,,,,1944,National,
green lantern,13,NM,$90.00 ,,,,1944,National,
green lantern ,14,NL ,,9.8,W , ,1944,National,
green lantern,15,NM,$90.00 ,,,,1945,National,
green lantern,16,NM+,$110.00 ,9.6,W , ,1945,National,
green lantern,18,NM+,$110.00 ,,,,1945,National,
green lantern,19,NM+,$110.00 ,,,,1946,National,
green lantern,21,NM+,$90.00 ,,,,1946,National,
green lantern,23,NM+,$75.00 ,,,,1946,National,
green lantern,24,NM+,$75.00 ,,,,1947,National,
green lantern,25,NM+,$75.00 ,,,,1947,National,
green lantern,26,NM+,$75.00 ,,,,1947,National,
green lantern,27,NM+,$75.00 ,,,,1947,National,
green lantern,28,NM+,$75.00 ,,,,1947,National,
green lantern,29,NM+,$75.00 ,,,,1947,National,
green lantern,30,FN,$35.00 ,,,,1948,National,
green lantern,31,FN,$35.00 ,,,,1948,National,
green lantern,33,NM,$60.00 ,,,,1948,National,
green lantern,34,NM+,$75.00 ,,,,1948,National,
green lantern,35,FN,$35.00 ,,,,1948,National,
green lantern,36,NM+,$75.00 ,,,,1949,National,
green lantern,37,NM+,$75.00 ,,,,1949,National,
green lantern,38,NM+,$75.00 ,,,,1949,National,
green mask,1,NM+,$180.00 ,9.2,W , ,1940,Fox,
green mask,2,NM,$55.00 ,,,,1940,Fox,
green mask,3,NM+,$55.00 ,9,OW-W , ,1940,Fox,
green mask,5,NM+,$50.00 ,,,,1941,Fox,
green mask,6,NM+,$45.00 ,,,,1941,Fox,
green mask,7,NM,$27.00 ,,,,1941,Fox,
green mask,8,NM+,$30.00 ,,,,1941,Fox,
green mask,9,NM+,$30.00 ,,,,1942,Fox,
green mask,10,NM+,$30.00 ,,,,1944,Fox,
green mask,11,NM+,$30.00 ,,,,1944,Fox,
green mask vol. 2,1,NM,$20.00 ,,,,1945,Fox,
green mask vol. 2,3,NM+,$24.00 ,,,,1945,Fox,
green mask vol. 2,4,NM+,$24.00 ,,,,1945,Fox,
green mask vol. 2,5,NM+,$24.00 ,,,,1946,Fox,
green mask vol. 2,6,NM+,$24.00 ,,,,1946,Fox,
gritt grady,1,NM,$8.00 ,,,,1944,Holyoke,Is listed usually as Holyoke One-Shot
gumps,1,NM,$14.00 ,,,,1947,Lafayette Street Corp.,
gumps,2,FN,$6.00 ,,,,1947,Lafayette Street Corp.,
gumps,3,NM,$8.00 ,,,,1947,Lafayette Street Corp.,
gumps,4,NM,$8.00 ,,,,1947,Lafayette Street Corp.,
gumps,5,FN,$6.00 ,,,,1947,Lafayette Street Corp.,
gumps,73,NM,$8.00 ,,,,1945,Dell,
gun glory,NN,VG,$3.00 ,,,,1957,Dell,Is actually a FC though not noted - # 846
gunfighter,9,NM,$90.00 ,,,,1949,E.C.,
gunfighter,10,FN,$60.00 ,,,,1949,E.C.,
gunfighter,11,FN,$60.00 ,,,,1949,E.C.,
gunfighter,12,FN,$60.00 ,,,,1949,E.C.,
gunfighter,13,FN,$60.00 ,,,,1950,E.C.,
gunfighter,14,NM,$90.00 ,,,,1950,E.C.,
gunhawk,12,NM,$9.00 ,,,,1950,Timely,
gunhawk,13,VG,$4.00 ,,,,1951,Timely,
gunhawk,14,FN,$6.00 ,,,,1951,Timely,
gunhawk,15,FN,$6.00 ,,,,1951,Timely,
gunhawk,16,VG,$4.00 ,,,,1951,Timely,
gunhawk,17,FN,$6.00 ,,,,1951,Timely,
guns against gansgters,1,NM,$4.00 ,9.2,CR-OW , ,1948,#N/A,
guns against gansgters,2,VG,$3.00 ,,,,1948,#N/A,
guns against gansgters,3,NM+,$5.00 ,,,,1949,#N/A,
guns against gansgters,4,NM+,$5.00 ,,,,1949,#N/A,
guns against gansgters,5,NM+,$5.00 ,,,,1949,#N/A,
guns against gansgters,6,NM+,$5.00 ,,,,1949,#N/A,
guns against gansgters,13,NM+,$5.00 ,,,,1949,#N/A,
Guns of Fast and Fiction,1,NL ,,,,,1948,Magazine Enterprises,
gunsmoke,1,NM,$20.00 ,,,,1949,Youthful,
gunsmoke,2,NM+,$17.00 ,,,,1949,Youthful,
gunsmoke,3,NM,$8.00 ,,,,1949,Youthful,
gunsmoke,4,NM+,$11.00 ,,,,1949,Youthful,
gunsmoke,5,NM+,$11.00 ,,,,1950,Youthful,
gunsmoke,6,NM+,$11.00 ,,,,1950,Youthful,
gunsmoke,7,NM,$4.00 ,,,,1950,Youthful,
gunsmoke,8,NM+,$5.00 ,,,,1950,Youthful,
gunsmoke,9,NM+,$5.00 ,,,,1950,Youthful,
gunsmoke,10,NM,$4.00 ,,,,1950,Youthful,
gunsmoke,11,VG,$2.00 ,,,,1951,Youthful,
gunsmoke,12,VG,$2.00 ,,,,1951,Youthful,
gunsmoke,13,NM,$4.00 ,,,,1951,Youthful,
gunsmoke,14,VG,$4.00 ,,,,1951,Youthful,
gunsmoke,15,NM+,$5.00 ,,,,1951,Youthful,
gunsmoke,16,NM,$4.00 ,,,,1952,Youthful,
gunsmoke (dell),6,NM+,$5.00 ,,,,1957,Dell,
gunsmoke (dell),7,NM+,$5.00 ,,,,1958,Dell,
gunsmoke (dell),9,NM+,$8.00 ,,,,1958,Dell,
gunsmoke (dell),10,NM,$7.00 ,,,,1958,Dell,
gunsmoke (dell),11,NM,$7.00 ,,,,1958,Dell,
gunsmoke (dell),12,NM,$7.00 ,,,,1958,Dell,
gunsmoke (dell),13,NM+,$5.00 ,,,,1959,Dell,
gunsmoke (dell),14,NM,$4.00 ,,,,1959,Dell,
gunsmoke (dell),15,NM+,$5.00 ,,,,1959,Dell,
gunsmoke (dell),16,NM+,$5.00 ,,,,1959,Dell,
gunsmoke (dell),17,NM+,$5.00 ,,,,1959,Dell,
gunsmoke (dell),20,FN,$3.00 ,,,,1960,Dell,
gunsmoke (dell),21,NM,$4.00 ,,,,1960,Dell,
gunsmoke (dell),23,NM+,$5.00 ,,,,1960,Dell,
gunsmoke (dell),24,NM+,$5.00 ,,,,1961,Dell,
gunsmoke (dell),25,NM,$4.00 ,,,,1961,Dell,
gunsmoke (dell),33,NM+,$11.00 ,,,,1956,Timely,"Though listed as Gunsmoke (dell), these are instead issues of Gunsmoke Western by Atlas. Gunsmoke by Dell lasted only to issue # 27"
gunsmoke (dell),34,FN,$4.00 ,,,,1956,Timely,
gunsmoke (dell),36,NM+,$11.00 ,,,,1956,Timely,
gunsmoke (dell),37,NM,$6.00 ,,,,1956,Timely,
gunsmoke (fc),679,NM,$4.00 ,,,,1956,Dell,
gunsmoke (fc),766,NM+,$5.00 ,,,,1957,Dell,
gunsmoke (fc),797,NM,$4.00 ,,,,1957,Dell,
gunsmoke (fc),844,NM,$4.00 ,,,,1957,Dell,
ha ha,17,VG,$2.00 ,,,,1945,ACG,
ha ha,19,VG,$2.00 ,,,,1945,ACG,
ha ha,20,VG,$2.00 ,,,,1945,ACG,
ha ha,23,FN,$3.00 ,,,,1945,ACG,
ha ha,27,FN,$3.00 ,,,,1946,ACG,
ha ha,67,FN,$3.00 ,,,,1949,ACG,
hand of fate,8,NM,$4.00 ,,,,1951,Ace Magazines,
hand of fate,9,NM+,$5.00 ,,,,1952,Ace Magazines,
hand of fate,10,VG,$2.00 ,,,,1952,Ace Magazines,
hand of fate,11,VG,$2.00 ,,,,1952,Ace Magazines,
hand of fate,12,NM,$4.00 ,,,,1952,Ace Magazines,
hand of fate,13,VG,$2.00 ,,,,1952,Ace Magazines,
hand of fate,14,FN,$3.00 ,,,,1952,Ace Magazines,
hand of fate,16,NM+,$5.00 ,,,,1953,Ace Magazines,
hand of fate,17,NM,$4.00 ,,,,1953,Ace Magazines,
hangman comics,2,NM,$125.00 ,,,,1942,MLJ,
hangman comics,3,NM,$65.00 ,,,,1942,MLJ,
hangman comics,4,NM,$65.00 ,,,,1942,MLJ,
hangman comics,5,NM,$65.00 ,,,,1942,MLJ,
hangman comics,6,NM,$65.00 ,,,,1943,MLJ,
hangman comics,7,NM,$65.00 ,,,,1943,MLJ,
hank ,0,NL ,,9.2,OW ,#nn  ,1946,Civil Service Publications,
hap hazard,1,FN,$5.00 ,,,,1944,Ace Magazines,
hap hazard,2,NM+,$5.00 ,,,,1944,Ace Magazines,
hap hazard,3,NM+,$5.00 ,,,,1944,Ace Magazines,
hap hazard,4,NM,$4.00 ,,,,1945,Ace Magazines,
hap hazard,5,NM+,$5.00 ,,,,1945,Ace Magazines,
hap hazard,6,NM+,$5.00 ,,,,1945,Ace Magazines,
hap hazard,7,NM,$4.00 ,,,,1946,Ace Magazines,
hap hazard,8,NM,$4.00 ,,,,1946,Ace Magazines,
hap hazard,9,NM+,$5.00 ,,,,1946,Ace Magazines,
hap hazard,10,NM+,$5.00 ,,,,1946,Ace Magazines,
hap hazard,11,NM+,$5.00 ,,,,1946,Ace Magazines,
hap hazard,12,VG,$2.00 ,,,,1946,Ace Magazines,
hap hazard,13,NM+,$5.00 ,,,,1947,Ace Magazines,
hap hazard,14,NM+,$5.00 ,,,,1947,Ace Magazines,
hap hazard,15,NM+,$5.00 ,,,,1947,Ace Magazines,
hap hazard,16,NM+,$6.00 ,,,,1947,Ace Magazines,
hap hazard,17,NM,$4.00 ,,,,1947,Ace Magazines,
hap hazard,18,NM+,$5.00 ,,,,1948,Ace Magazines,
hap hazard,19,NM+,$5.00 ,,,,1948,Ace Magazines,
hap hazard,20,NM+,$5.00 ,,,,1948,Ace Magazines,
hap hazard,21,NM,$4.00 ,,,,1948,Ace Magazines,
hap hazard,22,NM,$4.00 ,,,,1948,Ace Magazines,
hap hazard,23,FN,$3.00 ,,,,1948,Ace Magazines,
hap hazard,24,G,$2.00 ,,,,1949,Ace Magazines,
hap hopper,2,NM+,$9.00 ,,,,1947,St. John,This is issue # 2 of Comics Revue
happy comics,2,VG,$2.00 ,,,,1943,Standard,
happy comics,5,VG,$2.00 ,,,,1944,Standard,
happy comics,18,FN,$3.00 ,,,,1947,Standard,
hardy boys (fc),867,NM+,$5.00 ,,,,1957,Dell,
harold teen (fc),2,FN,$35.00 ,,,,1942,Dell,
harold teen (fc),209,NM,$4.00 ,,,,1949,Dell,
haunt of fear,13,VG,$20.00 ,,,,1952,E.C.,
haunt of fear,14,VG,$20.00 ,,,,1952,E.C.,
haunt of fear,15,VG,$20.00 ,,,,1952,E.C.,
haunt of fear,18,VG,$20.00 ,,,,1953,E.C.,
haunted thrills,1,FN,$4.00 ,,,,1952,Farrell,
haunted thrills,2,FN,$3.00 ,,,,1952,Farrell,
haunted thrills,4,NM,$4.00 ,,,,1952,Farrell,
haunted thrills,5,NM,$4.00 ,,,,1953,Farrell,
haunted thrills,6,VG,$2.00 ,,,,1953,Farrell,
haunted thrills,7,FN,$3.00 ,,,,1953,Farrell,
haunted thrills,8,FN,$3.00 ,,,,1953,Farrell,
haunted thrills,9,NM,$4.00 ,,,,1953,Farrell,
haunted thrills,10,VG,$2.00 ,,,,1953,Farrell,
haunted thrills,11,VG,$2.00 ,,,,1953,Farrell,
have gun,5,NM+,$4.00 ,,,,1960,Dell,
have gun,6,NM+,$4.00 ,,,,1960,Dell,
have gun,8,NM,$3.00 ,,,,1961,Dell,
hawk,1,NM+,$18.00 ,,,,1951,Ziff-Davis,
hawk,2,VG,$4.00 ,,,,1952,Ziff-Davis,
hawk,3,FN,$3.00 ,,,,1952,Ziff-Davis,
hawk,11,FN,$3.00 ,,,,1955,Ziff-Davis,
headline comics,1,NM,$20.00 ,,,,1943,Headline,
headline comics,2,NM,$11.00 ,9.6,W , ,1943,Headline,
headline comics,3,NM,$8.00 ,9,W , ,1943,Headline,
headline comics,4,FN,$4.00 ,6,W , ,1943,Headline,
headline comics,5,NM,$6.00 ,9.2,W , ,1943,Headline,
headline comics,6,NM+,$8.00 ,9.6,OW-W , ,1943,Headline,
headline comics,7,NM,$6.00 ,9.4,OW , ,1944,Headline,
headline comics,8,NM+,$8.00 ,,,,1944,Headline,
headline comics,9,NM+,$8.00 ,,,,1944,Headline,
headline comics,10,NM+,$8.00 ,,,,1944,Headline,
headline comics,11,NM+,$6.00 ,9.4,OW-W , ,1944,Headline,
headline comics,12,NM+,$6.00 ,,,,1945,Headline,
headline comics,13,NM+,$8.00 ,9.4,OW , ,1945,Headline,
headline comics,15,NM,$6.00 ,9.6,OW-W , ,1945,Headline,
headline comics,16,NM+,$8.00 ,,,,1945,Headline,
headline comics,17,NM+,$6.00 ,9.6,W , ,1946,Headline,
headline comics,18,NM,$4.00 ,9.2,OW-W , ,1946,Headline,
headline comics,19,NM+,$12.00 ,,,,1946,Headline,
headline comics,20,NM+,$12.00 ,,,,1946,Headline,
headline comics,21,NM+,$12.00 ,,,,1946,Headline,
headline comics,22,NM+,$12.00 ,,,,1946,Headline,
headline comics,23,NM+,$12.00 ,,,,1947,Headline,
headline comics,24,FN,$7.00 ,,,,1947,Headline,
headline comics,27,NM,$9.00 ,,,,1947,Headline,
headline comics,28,NM+,$12.00 ,,,,1948,Headline,
headline comics,31,NM+,$12.00 ,,,,1948,Headline,
headline comics,32,NM+,$12.00 ,,,,1948,Headline,
headline comics,33,NM+,$12.00 ,,,,1948,Headline,
headline comics,34,NM+,$12.00 ,9.4,OW-W , ,1949,Headline,
headline comics,35,VG,$7.00 ,,,,1949,Headline,
headline comics,36,NM+,$12.00 ,,,,1949,Headline,
headline comics,37,NM,$9.00 ,,,,1949,Headline,
headline comics,38,NM+,$8.00 ,,,,1949,Headline,
headline comics,39,NM+,$12.00 ,,,,1950,Headline,
headline comics,40,FN,$4.00 ,7.5,OW , ,1950,Headline,
headline comics,41,NM+,$12.00 ,,,,1950,Headline,
headline comics,42,NM+,$5.00 ,,,,1950,Headline,
headline comics,43,NM+,$5.00 ,,,,1950,Headline,
headline comics,44,VG,$4.00 ,,,,1950,Headline,
headline comics,45,FN,$3.00 ,,,,1951,Headline,
headline comics,46,VG,$2.00 ,,,,1951,Headline,
headline comics,47,NM,$4.00 ,,,,1951,Headline,
headline comics,48,VG,$2.00 ,,,,1951,Headline,
headline comics,49,NM,$4.00 ,,,,1951,Headline,
headline comics,50,FN,$3.00 ,,,,1951,Headline,
headline comics,51,VG,$2.00 ,,,,1952,Headline,
headline comics,52,VG,$2.00 ,,,,1952,Headline,
headline comics,53,VG,$2.00 ,,,,1952,Headline,
headline comics,54,FN,$3.00 ,,,,1952,Headline,
headline comics,55,FN,$3.00 ,,,,1952,Headline,
headline comics,58,NM,$7.00 ,,,,1953,Headline,
headline comics,60,NM,$4.00 ,9.2,OW , ,1953,Headline,
headline comics,62,VG,$2.00 ,,,,1954,Headline,
headline comics,64,FN,$3.00 ,,,,1954,Headline,
heart throbs,1,NM+,$10.00 ,9.6,OW-W , ,1949,Quality,
heart throbs,2,NM,$5.00 ,9.4,OW-W , ,1949,Quality,
heart throbs,3,VG,$2.00 ,,,,1949,Quality,
heart throbs,4,FN,$3.00 ,,,,1950,Quality,
heart throbs,5,VG,$2.00 ,,,,1950,Quality,
heart throbs,6,VG,$2.00 ,,,,1950,Quality,
heart throbs,8,VG,$2.00 ,,,,1950,Quality,
heart throbs,9,VG,$4.00 ,,,,1952,Quality,
heart throbs,10,VG,$2.00 ,,,,1952,Quality,
heart throbs,13,VG,$2.00 ,,,,1952,Quality,
heart throbs,14,VG,$2.00 ,,,,1952,Quality,
heart throbs,17,FN,$3.00 ,,,,1953,Quality,
heart throbs,20,FN,$3.00 ,,,,1953,Quality,
hedy,22,NM+,$5.00 ,,,,1947,Timely,
hedy,23,NM,$9.00 ,,,,1947,Timely,
hedy,24,FN,$4.00 ,,,,1947,Timely,
hedy,25,NM+,$8.00 ,,,,1948,Timely,
hedy,26,NM,$5.00 ,,,,1948,Timely,
hedy,27,NM+,$8.00 ,,,,1948,Timely,
hedy,28,NM+,$8.00 ,,,,1948,Timely,
hedy,29,NM,$5.00 ,,,,1948,Timely,
hedy,30,FN,$3.00 ,,,,1948,Timely,
hedy,31,FN,$3.00 ,,,,1949,Timely,
hedy,32,VG,$2.00 ,,,,1949,Timely,
hedy,33,FN,$3.00 ,,,,1949,Timely,
hedy,34,VG,$2.00 ,,,,1949,Timely,
hedy,35,FN,$5.00 ,,,,1949,Timely,
hedy,36,NM,$4.00 ,,,,1950,Timely,
hedy,37,FN,$3.00 ,,,,1950,Timely,
hedy,38,FN,$3.00 ,,,,1950,Timely,
hedy,39,FN,$3.00 ,,,,1950,Timely,
hedy,42,VG,$2.00 ,,,,1951,Timely,
hedy,43,VG,$2.00 ,,,,1951,Timely,
hedy,46,FN,$3.00 ,,,,1952,Timely,
hello pal,1,NM+,$35.00 ,,,,1943,Harvey,
hello pal,2,NM+,$20.00 ,,,,1943,Harvey,
hello pal,3,NM+,$16.00 ,,,,1943,Harvey,
he-man,1,VG,$3.00 ,,,,1954,Toby,
henry aldrich,2,FN,$3.00 ,,,,1950,Dell,
henry aldrich,3,VG,$2.00 ,,,,1950,Dell,
henry aldrich,12,FN,$3.00 ,,,,1952,Dell,
here's howie,1,FN,$7.00 ,,,,1952,National,
here's howie,6,FN,$3.00 ,,,,1952,National,
heroes of the wild frontier,2,NM,$4.00 ,,,,1956,Ace Magazines,
heroic comics,2,NM+,$90.00 ,9.2,OW-W , ,1940,Eastern Color,
heroic comics,3,NM+,$75.00 ,9,OW-W , ,1940,Eastern Color,
heroic comics,4,NM+,$70.00 ,8.5,OW-W , ,1941,Eastern Color,
heroic comics,5,NM,$45.00 ,9.6,W , ,1941,Eastern Color,
heroic comics,6,NM+,$60.00 ,8.5,OW-W , ,1941,Eastern Color,
heroic comics,7,NM+,$70.00 ,9.8,W , ,1941,Eastern Color,
heroic comics,9,NM+,$40.00 ,9.6,OW-W , ,1941,Eastern Color,
heroic comics,10,NM+,$35.00 ,,,,1942,Eastern Color,
heroic comics,11,NM+,$30.00 ,,,,1942,Eastern Color,
heroic comics,12,NM+,$40.00 ,,,,1942,Eastern Color,
heroic comics,13,NM+,$30.00 ,,,,1942,Eastern Color,
heroic comics,14,FN,$20.00 ,7,W , ,1942,Eastern Color,
heroic comics,15,NM+,$35.00 ,9.2,W , ,1942,Eastern Color,
heroic comics,16,NM+,$20.00 ,8.5,W , ,1943,Eastern Color,
heroic comics,17,NM+,$20.00 ,,,,1943,Eastern Color,
heroic comics,18,NM+,$20.00 ,8.5,W , ,1943,Eastern Color,
heroic comics ,19,NL ,,9.2,OW-W , ,1943,Eastern Color,
heroic comics,20,NM+,$20.00 ,9.6,W , ,1943,Eastern Color,
heroic comics,21,NM+,$11.00 ,,,,1943,Eastern Color,
heroic comics,22,NM+,$11.00 ,,,,1944,Eastern Color,
heroic comics,23,NM+,$11.00 ,,,,1944,Eastern Color,
heroic comics,24,NM+,$11.00 ,,,,1944,Eastern Color,
heroic comics,25,NM+,$11.00 ,,,,1944,Eastern Color,
heroic comics,26,NM+,$11.00 ,,,,1944,Eastern Color,
heroic comics,27,NM+,$11.00 ,,,,1944,Eastern Color,
heroic comics,28,NM+,$11.00 ,,,,1945,Eastern Color,
heroic comics,29,NM+,$11.00 ,,,,1945,Eastern Color,
heroic comics,30,NM+,$11.00 ,,,,1945,Eastern Color,
heroic comics,31,NM+,$6.00 ,,,,1945,Eastern Color,
heroic comics,32,NM+,$6.00 ,,,,1945,Eastern Color,
heroic comics,33,NM+,$6.00 ,,,,1945,Eastern Color,
heroic comics,34,NM+,$6.00 ,,,,1946,Eastern Color,
heroic comics,35,NM+,$6.00 ,,,,1946,Eastern Color,
heroic comics,36,NM+,$6.00 ,,,,1946,Eastern Color,
heroic comics,37,NM,$5.00 ,,,,1946,Eastern Color,
heroic comics,38,NM+,$6.00 ,,,,1946,Eastern Color,
heroic comics,39,NM,$5.00 ,,,,1946,Eastern Color,
heroic comics,40,NM,$5.00 ,,,,1947,Eastern Color,
heroic comics,41,NM,$4.00 ,,,,1947,Eastern Color,
heroic comics,42,NM+,$5.00 ,,,,1947,Eastern Color,
heroic comics,43,NM+,$5.00 ,,,,1947,Eastern Color,
heroic comics,44,NM+,$5.00 ,,,,1947,Eastern Color,
heroic comics,45,NM+,$5.00 ,,,,1947,Eastern Color,
heroic comics,46,NM+,$5.00 ,,,,1948,Eastern Color,
heroic comics,47,NM+,$5.00 ,,,,1948,Eastern Color,
heroic comics,48,NM+,$5.00 ,,,,1948,Eastern Color,
heroic comics,49,NM+,$5.00 ,,,,1948,Eastern Color,
heroic comics,50,NM+,$5.00 ,,,,1948,Eastern Color,
heroic comics,51,NM+,$13.00 ,,,,1948,Eastern Color,
heroic comics,52,NM+,$5.00 ,,,,1949,Eastern Color,
heroic comics,53,NM,$4.00 ,,,,1949,Eastern Color,
heroic comics,54,NM,$4.00 ,,,,1949,Eastern Color,
heroic comics,55,NM,$4.00 ,,,,1949,Eastern Color,
heroic comics,56,NM+,$5.00 ,,,,1949,Eastern Color,
heroic comics,57,NM,$4.00 ,,,,1949,Eastern Color,
heroic comics,58,NM+,$5.00 ,,,,1950,Eastern Color,
heroic comics,59,NM+,$5.00 ,,,,1950,Eastern Color,
heroic comics,60,NM+,$5.00 ,,,,1950,Eastern Color,
heroic comics,61,NM+,$5.00 ,,,,1950,Eastern Color,
heroic comics,62,NM+,$5.00 ,,,,1950,Eastern Color,
heroic comics,63,NM,$5.00 ,,,,1950,Eastern Color,
heroic comics,64,NM+,$5.00 ,,,,1951,Eastern Color,
heroic comics,65,NM+,$16.00 ,,,,1951,Eastern Color,
heroic comics,66,NM+,$7.00 ,,,,1951,Eastern Color,
heroic comics,67,NM+,$7.00 ,,,,1951,Eastern Color,
heroic comics,68,NM+,$5.00 ,,,,1951,Eastern Color,
heroic comics,69,NM+,$16.00 ,,,,1951,Eastern Color,
heroic comics,70,NM+,$11.00 ,,,,1952,Eastern Color,
heroic comics,71,NM+,$11.00 ,,,,1952,Eastern Color,
heroic comics,72,NM,$13.00 ,,,,1952,Eastern Color,
heroic comics,73,FN,$6.00 ,,,,1952,Eastern Color,
heroic comics,74,FN,$3.00 ,,,,1952,Eastern Color,
heroic comics,76,FN,$3.00 ,,,,1952,Eastern Color,
heroic comics,78,FN,$3.00 ,,,,1952,Eastern Color,
heroic comics,80,VG,$2.00 ,,,,1953,Eastern Color,
heroic comics,82,FN,$3.00 ,,,,1953,Eastern Color,
heroic comics,87,FN,$3.00 ,,,,1953,Eastern Color,
heroic comics,89,FN,$3.00 ,,,,1954,Eastern Color,
hickory,1,NM+,$16.00 ,,,,1949,Quality,
hickory,2,NM+,$10.00 ,,,,1949,Quality,
hickory,3,NM,$10.00 ,,,,1950,Quality,
hickory,4,NM+,$10.00 ,,,,1950,Quality,
hickory,5,FN,$5.00 ,,,,1950,Quality,
hickory,6,NM,$7.00 ,,,,1950,Quality,
hi-ho,3,VG,$2.00 ,,,,1946,Four Star,
hi-life,1,NM+,$18.00 ,,,,1945,Ross Publications,Most likely is Hi-Lite
hi-school romance,1,NM,$5.00 ,,,,1949,Harvey,
hi-school romance,2,VG,$2.00 ,,,,1949,Harvey,
hi-school romance,3,VG,$2.00 ,,,,1950,Harvey,
hi-school romance,7,FN,$3.00 ,,,,1951,Harvey,
hi-school romance,9,FN,$3.00 ,,,,1951,Harvey,
hi-school romance,11,NM+,$5.00 ,,,,1951,Harvey,
hi-school romance,12,VG,$2.00 ,,,,1951,Harvey,
hi-school romance,15,FN,$3.00 ,,,,1952,Harvey,
hi-school romance,16,VG,$2.00 ,,,,1952,Harvey,
hi-school romance,19,NM,$4.00 ,,,,1953,Harvey,
hi-school romance,22,FN,$3.00 ,,,,1953,Harvey,
hi-spot comics ,2,NL ,,8.5,OW-W ,Only issue (Red Ryder#2) ,1940,Hawley,
hit comics,23,NM+,$80.00 ,,,,1942,Quality,
hit comics,24,NM,$65.00 ,,,,1942,Quality,
hit comics,25,NM+,$140.00 ,,,,1942,Quality,
hit comics,26,NM+,$80.00 ,,,,1943,Quality,
hit comics,27,NM,$30.00 ,,,,1943,Quality,
hit comics,28,G,$7.00 ,5,W ,Large tape stain on cover ,1943,Quality,
hit comics,29,NM+,$40.00 ,,,,1943,Quality,
hit comics,30,NM+,$40.00 ,,,,1943,Quality,
hit comics,31,NM+,$40.00 ,,,,1944,Quality,
hit comics,32,NM+,$24.00 ,,,,1944,Quality,
hit comics,33,NM+,$24.00 ,,,,1944,Quality,
hit comics,34,NM,$20.00 ,,,,1944,Quality,
hit comics,35,NM,$20.00 ,,,,1945,Quality,
hit comics,36,NM+,$24.00 ,,,,1945,Quality,
hit comics,37,NM+,$24.00 ,,,,1945,Quality,
hit comics,38,NM+,$24.00 ,,,,1945,Quality,
hit comics,39,NM+,$24.00 ,,,,1946,Quality,
hit comics,40,NM+,$24.00 ,,,,1946,Quality,
hit comics,41,NM,$13.00 ,,,,1946,Quality,
hit comics,42,NM,$13.00 ,,,,1946,Quality,
hit comics,43,NM,$13.00 ,,,,1946,Quality,
hit comics,44,FN,$9.00 ,8,OW-W , ,1947,Quality,
hit comics,45,FN,$9.00 ,,,,1947,Quality,
hit comics,46,NM,$13.00 ,,,,1947,Quality,
hit comics,47,VG,$5.00 ,,,,1947,Quality,
hit comics,48,NM,$13.00 ,,,,1947,Quality,
hit comics,49,NM+,$18.00 ,,,,1947,Quality,
hit comics,50,NM+,$18.00 ,,,,1948,Quality,
hit comics,51,NM,$9.00 ,,,,1948,Quality,
hit comics,52,FN,$7.00 ,,,,1948,Quality,
hit comics,53,FN,$7.00 ,,,,1948,Quality,
hit comics,54,NM,$9.00 ,,,,1948,Quality,
hit comics,55,NM,$9.00 ,,,,1948,Quality,
hit comics,57,NM+,$12.00 ,,,,1949,Quality,
hit comics,58,FN,$7.00 ,,,,1949,Quality,
hit comics,59,NM,$9.00 ,,,,1949,Quality,
hit comics,60,NM,$9.00 ,,,,1949,Quality,
hit comics,61,NM+,$12.00 ,,,,1949,Quality,
hit comics,62,NM,$9.00 ,,,,1950,Quality,
hit comics,63,NM,$9.00 ,,,,1950,Quality,
hit comics,64,NM,$9.00 ,,,,1950,Quality,
hit comics,65,FN,$7.00 ,,,,1950,Quality,
holiday (fawcett),1,NM+,$240.00 ,,,,1942,Fawcett,
holiday comics,5,NM,$4.00 ,,,,1952,Star Publications,
hollywood confessions,1,FN,$4.00 ,,,,1949,St. John,
hollywood confessions,2,NM,$4.00 ,,,,1949,St. John,
hollywood diary,1,FN,$4.00 ,,,,1949,Quality,
hollywood diary,2,FN,$4.00 ,,,,1950,Quality,
hollywood diary,3,VG,$3.00 ,,,,1950,Quality,
hollywood secrets,1,NM,$8.00 ,,,,1949,Quality,
hollywood secrets,5,NM,$5.00 ,,,,1950,Quality,
honeymoon,4,NM,$4.00 ,,,,1950,Comic media,
hooded horseman (1951),21,NM,$5.00 ,,,,1952,ACG,
hooded horseman (1951),22,NM+,$6.00 ,,,,1952,ACG,
hooded horseman (1951),23,G,$2.00 ,,,,1952,ACG,
hooded horseman (1951),24,VG,$3.00 ,,,,1952,ACG,
hooded horseman (1951),25,VG,$3.00 ,,,,1952,ACG,
hooded horseman (1951),26,FN,$4.00 ,,,,1952,ACG,
hooded horseman (1951),27,FN,$4.00 ,,,,1953,ACG,
hooded horseman (1951),41,NM+,$5.00 ,,,,1951,ACG,This does not exist!?
hooded menace,NN,G,$8.00 ,,,,1951,Avon,
hoot gibson,3,NM+,$25.00 ,,,,1950,Fox,
hoot gibson,5,NM+,$12.00 ,,,,1950,Fox,
hoot gibson,6,NM,$9.00 ,,,,1950,Fox,
hopalong cassidy,1,NM+,$65.00 ,9,OW-W , ,1943,Fawcett,
hopalong cassidy,2,NM+,$35.00 ,,,,1946,Fawcett,
hopalong cassidy,3,NM+,$20.00 ,,,,1946,Fawcett,
hopalong cassidy,4,NM+,$20.00 ,,,,1947,Fawcett,
hopalong cassidy,5,NM,$15.00 ,,,,1947,Fawcett,
hopalong cassidy,6,NM+,$16.00 ,,,,1947,Fawcett,
hopalong cassidy,7,NM+,$16.00 ,,,,1947,Fawcett,
hopalong cassidy,8,NM+,$16.00 ,,,,1947,Fawcett,
hopalong cassidy,9,NM+,$16.00 ,,,,1947,Fawcett,
hopalong cassidy,10,NM+,$16.00 ,,,,1947,Fawcett,
hopalong cassidy,11,NM+,$16.00 ,,,,1947,Fawcett,
hopalong cassidy,12,NM,$13.00 ,,,,1947,Fawcett,
hopalong cassidy,13,FN,$9.00 ,,,,1947,Fawcett,
hopalong cassidy,14,NM+,$16.00 ,,,,1947,Fawcett,
hopalong cassidy,15,NM,$8.00 ,,,,1948,Fawcett,
hopalong cassidy,16,NM+,$16.00 ,,,,1948,Fawcett,
hopalong cassidy,17,NM+,$16.00 ,,,,1948,Fawcett,
hopalong cassidy,18,NM,$8.00 ,,,,1948,Fawcett,
hopalong cassidy,19,NM+,$11.00 ,,,,1948,Fawcett,
hopalong cassidy,20,NM,$8.00 ,,,,1948,Fawcett,
hopalong cassidy,21,NM,$8.00 ,,,,1948,Fawcett,
hopalong cassidy,22,NM,$8.00 ,,,,1948,Fawcett,
hopalong cassidy,23,NM+,$11.00 ,,,,1948,Fawcett,
hopalong cassidy,24,NM+,$11.00 ,,,,1948,Fawcett,
hopalong cassidy,25,NM,$8.00 ,,,,1948,Fawcett,
hopalong cassidy,26,NM+,$11.00 ,,,,1948,Fawcett,
hopalong cassidy,27,FN,$5.00 ,,,,1949,Fawcett,
hopalong cassidy,28,NM+,$11.00 ,,,,1949,Fawcett,
hopalong cassidy,29,NM+,$11.00 ,,,,1949,Fawcett,
hopalong cassidy,30,NM,$8.00 ,,,,1949,Fawcett,
hopalong cassidy,31,NM,$5.00 ,,,,1949,Fawcett,
hopalong cassidy,32,NM+,$7.00 ,,,,1949,Fawcett,
hopalong cassidy,33,NM+,$7.00 ,,,,1949,Fawcett,
hopalong cassidy,34,VG,$2.00 ,,,,1949,Fawcett,
hopalong cassidy,35,NM+,$7.00 ,,,,1949,Fawcett,
hopalong cassidy,36,NM+,$7.00 ,,,,1949,Fawcett,
hopalong cassidy,37,NM+,$7.00 ,,,,1949,Fawcett,
hopalong cassidy,38,NM,$5.00 ,,,,1949,Fawcett,
hopalong cassidy,39,NM+,$7.00 ,,,,1950,Fawcett,
hopalong cassidy,40,FN,$3.00 ,,,,1950,Fawcett,
hopalong cassidy,41,NM+,$7.00 ,,,,1950,Fawcett,
hopalong cassidy,42,NM,$5.00 ,,,,1950,Fawcett,
hopalong cassidy,43,FN,$3.00 ,,,,1950,Fawcett,
hopalong cassidy,44,FN,$3.00 ,,,,1950,Fawcett,
hopalong cassidy,45,FN,$3.00 ,,,,1950,Fawcett,
hopalong cassidy,46,VG,$2.00 ,,,,1950,Fawcett,
hopalong cassidy,47,FN,$3.00 ,,,,1950,Fawcett,
hopalong cassidy,48,NM,$5.00 ,,,,1950,Fawcett,
hopalong cassidy,51,NM+,$7.00 ,,,,1951,Fawcett,
hopalong cassidy,52,FN,$3.00 ,,,,1951,Fawcett,
hopalong cassidy,53,VG,$2.00 ,,,,1951,Fawcett,
hopalong cassidy,54,FN,$3.00 ,,,,1951,Fawcett,
hopalong cassidy,55,FN,$3.00 ,,,,1951,Fawcett,
hopalong cassidy,56,VG,$2.00 ,,,,1951,Fawcett,
hopalong cassidy,58,NM,$4.00 ,,,,1951,Fawcett,
hopalong cassidy,59,FN,$3.00 ,,,,1951,Fawcett,
hopalong cassidy,60,VG,$2.00 ,,,,1951,Fawcett,
hopalong cassidy,62,VG,$2.00 ,,,,1951,Fawcett,
hopalong cassidy,63,FN,$6.00 ,,,,1952,Fawcett,
hopalong cassidy,65,FN,$6.00 ,,,,1952,Fawcett,
hopalong cassidy,66,FN,$6.00 ,,,,1952,Fawcett,
hopalong cassidy,70,NM,$4.00 ,,,,1952,Fawcett,
hopalong cassidy,71,FN,$3.00 ,,,,1952,Fawcett,
hopalong cassidy,72,FN,$3.00 ,,,,1952,Fawcett,
hopalong cassidy,73,FN,$3.00 ,,,,1952,Fawcett,
hopalong cassidy,74,NM,$4.00 ,,,,1952,Fawcett,
hopalong cassidy,75,NM+,$5.00 ,,,,1953,Fawcett,
hopalong cassidy,77,FN,$3.00 ,,,,1953,Fawcett,
hopalong cassidy,78,VG,$2.00 ,,,,1953,Fawcett,
hopalong cassidy,79,FN,$3.00 ,,,,1953,Fawcett,
hopalong cassidy,86,NM,$6.00 ,,,,1954,National,
hopalong cassidy,111,NM,$6.00 ,,,,1956,National,
hopalong cassidy,126,NM,$6.00 ,,,,1957,National,
horrific,1,FN,$4.00 ,,,,1952,Comic media,
horrific,2,VG,$2.00 ,,,,1952,Comic media,
horrific,3,VG,$2.00 ,,,,1953,Comic media,
horrific,4,FN,$3.00 ,,,,1953,Comic media,
horrific,7,VG,$2.00 ,,,,1953,Comic media,
horrors,13,NM,$4.00 ,,,,1953,Star Publications,
horse feathers,1,FN,$20.00 ,,,,1947,Lev Gleason,
horse soldiers (fc),1048,NM+,$5.00 ,,,,1959,Dell,
hot rod king,1,FN,$3.00 ,,,,1952,Ziff-Davis,
hot rods & racing cars,2,FN,$3.00 ,,,,1952,Charlton,
house of mystery,1,NM+,$50.00 ,,,,1951,National,
house of mystery,2,NM+,$30.00 ,9,W , ,1952,National,
house of mystery,3,NM+,$30.00 ,,,,1952,National,
house of mystery,4,NM+,$20.00 ,,,,1952,National,
house of mystery,5,NM+,$20.00 ,,,,1952,National,
house of mystery,8,NM+,$20.00 ,,,,1952,National,
house of mystery,9,NM,$16.00 ,,,,1952,National,
house of mystery,10,VG,$5.00 ,,,,1953,National,
house of mystery,11,FN,$9.00 ,,,,1953,National,
house of mystery,12,FN,$9.00 ,,,,1953,National,
house of mystery,13,FN,$9.00 ,,,,1953,National,
house of mystery,14,FN,$9.00 ,,,,1953,National,
house of mystery,15,FN,$9.00 ,,,,1953,National,
house of mystery,16,VG,$4.00 ,,,,1953,National,
house of mystery,18,FN,$7.00 ,,,,1953,National,
house of mystery,19,FN,$7.00 ,,,,1953,National,
hubert (fc),251,NM+,$5.00 ,,,,1949,Dell,
human torch,1,NM+,"$2,250.00 ",,,,1940,Timely,
human torch,2,NM+,$800.00 ,,,,1940,Timely,
human torch,3,NM+,$650.00 ,,,,1941,Timely,
human torch,4,NM,$400.00 ,,,,1941,Timely,
human torch,5,NM+,$800.00 ,,,,1941,Timely,
human torch,7,NM+,$250.00 ,,,,1942,Timely,
human torch,8,NM,$400.00 ,,,,1942,Timely,
human torch,9,NM,$250.00 ,,,,1942,Timely,
human torch,10,NM,$300.00 ,,,,1942,Timely,
human torch,11,NM,$140.00 ,,,,1943,Timely,
human torch,12,NM,$140.00 ,,,,1943,Timely,
human torch,13,NM+,$175.00 ,,,,1943,Timely,
human torch,14,NM+,$175.00 ,,,,1943,Timely,
human torch,15,NM,$140.00 ,,,,1944,Timely,
human torch,16,NM,$100.00 ,,,,1944,Timely,
human torch,17,NM+,$125.00 ,,,,1944,Timely,
human torch,18,NM+,$125.00 ,,,,1945,Timely,
human torch,19,NM+,$125.00 ,,,,1945,Timely,
human torch,20,FN,$70.00 ,,,,1945,Timely,
human torch,21,NM+,$100.00 ,,,,1945,Timely,
human torch,22,NM,$80.00 ,,,,1946,Timely,
human torch,23,NM+,$100.00 ,,,,1946,Timely,
human torch,24,NM,$80.00 ,,,,1946,Timely,
human torch,25,NM+,$100.00 ,,,,1946,Timely,
human torch,26,NM,$80.00 ,,,,1947,Timely,
human torch,27,NM,$100.00 ,,,,1947,Timely,
human torch,28,NM+,$100.00 ,,,,1947,Timely,
human torch,29,NM+,$100.00 ,,,,1947,Timely,
human torch,30,NM,$80.00 ,,,,1948,Timely,
human torch,31,NM+,$75.00 ,,,,1948,Timely,
human torch,32,NM+,$75.00 ,,,,1948,Timely,
human torch,33,FN,$35.00 ,,,,1948,Timely,
human torch,34,FN,$35.00 ,,,,1949,Timely,
human torch,35,VG,$20.00 ,,,,1949,Timely,
humdinger,1,NM+,$7.00 ,,,,1946,Novelty Press,
humdinger,2,NM+,$5.00 ,,,,1946,Novelty Press,
humdinger,4,NM+,$5.00 ,,,,1946,Novelty Press,
humdinger,5,NM+,$5.00 ,,,,1947,Novelty Press,
humdinger,6,NM+,$5.00 ,,,,1947,Novelty Press,
humdinger vol. 2,2,NM+,$5.00 ,,,,1947,Novelty Press,
humdinger vol. 2,1,NM+,$5.00 ,,,,1947,Novelty Press,
humphrey,1,FN,$4.00 ,,,,1948,Harvey ,
humphrey,3,NM,$4.00 ,,,,1949,Harvey ,
humphrey,4,FN,$7.00 ,,,,1949,Harvey ,
humphrey,5,FN,$3.00 ,,,,1949,Harvey ,
humphrey,6,NM,$4.00 ,,,,1949,Harvey ,
humphrey,7,NM,$4.00 ,,,,1949,Harvey ,
humphrey,8,G,$2.00 ,,,,1949,Harvey ,
humphrey,9,VG,$2.00 ,,,,1950,Harvey ,
humphrey,10,VG,$2.00 ,,,,1950,Harvey ,
hunted,2,VG,$2.00 ,,,,1950,Fox,
hurricane comics,NN,VG,$3.00 ,,,,1945,Cambridge House,
hyper mystery,1,NM+,$90.00 ,9.2,OW , ,1940,Hyper Publications,
hyper mystery,2,NM+,$65.00 ,,,,1940,Hyper Publications,
i love you,1,VG,$3.00 ,,,,1950,Fawcett,
i loved,28,VG,$2.00 ,,,,1949,Fox,
i loved,29,FN,$3.00 ,,,,1949,Fox,
i loved,30,VG,$2.00 ,,,,1949,Fox,
i loved,31,VG,$2.00 ,,,,1950,Fox,
i loved,32,FN,$3.00 ,,,,1950,Fox,
i met a handsome cowboy,324,NM+,$5.00 ,,,,1951,Dell,
ibis,1,NM+,$240.00 ,9.6,OW-W , ,1942,Fawcett,
ibis,2,NM+,$100.00 ,9.6,OW-W , ,1943,Fawcett,
ibis,3,NM+,$75.00 ,9,OW , ,1943,Fawcett,
ibis,4,NM,$45.00 ,,,,1945,Fawcett,
ibis,5,NM+,$60.00 ,,,,1946,Fawcett,
ibis,6,NM,$45.00 ,,,,1948,Fawcett,
ideal,1,NM+,$22.00 ,,,,1948,Timely,
ideal,2,NM,$17.00 ,,,,1948,Timely,
ideal,3,VG,$8.00 ,,,,1948,Timely,
ideal,4,VG,$8.00 ,,,,1949,Timely,
ideal,5,NM,$4.00 ,,,,1949,Timely,
indian braves,1,NM,$5.00 ,,,,1951,Ace Magazines,
indian braves,2,NM,$4.00 ,,,,1951,Ace Magazines,
indian braves,3,FN,$3.00 ,,,,1951,Ace Magazines,
indian chief,3,NM+,$5.00 ,,,,1951,Dell,
indian chief,4,NM+,$5.00 ,,,,1951,Dell,
indian chief,5,NM,$4.00 ,,,,1952,Dell,
indian chief,6,NM+,$5.00 ,,,,1952,Dell,
indian chief,7,NM,$4.00 ,,,,1952,Dell,
indian chief,8,VG,$2.00 ,,,,1952,Dell,
indian chief,9,FN,$3.00 ,,,,1953,Dell,
indian chief,10,FN,$3.00 ,,,,1953,Dell,
indian chief,12,VG,$3.00 ,,,,1953,Dell,
indian chief,23,NM,$4.00 ,,,,1956,Dell,
indian chief,25,NM,$4.00 ,,,,1957,Dell,
indian chief,29,FN,$1.00 ,,,,1958,Dell,
indian chief,33,NM,$4.00 ,,,,1959,Dell,
indian fighter,1,FN,$5.00 ,,,,1950,Youthful,
indian fighter,2,NM,$4.00 ,,,,1950,Youthful,
indian fighter,3,VG,$2.00 ,,,,1950,Youthful,
indian fighter,4,NM+,$5.00 ,,,,1950,Youthful,
indian fighter,5,NM+,$5.00 ,,,,1951,Youthful,
indian fighter,6,NM+,$6.00 ,,,,1951,Youthful,
indian fighter,7,NM+,$5.00 ,,,,1951,Youthful,
indian fighter,8,NM,$4.00 ,,,,1951,Youthful,
indian fighter,9,NM+,$5.00 ,,,,1951,Youthful,
indian fighter,10,NM+,$5.00 ,,,,1952,Youthful,
indian fighter,11,NM,$4.00 ,,,,1952,Youthful,
indian fighter,12,NM+,$5.00 ,,,,1952,Youthful,
indian fighter,13,FN,$3.00 ,,,,1952,Youthful,
indian fighter,14,FN,$3.00 ,,,,1952,Youthful,
indian fighter,15,VG,$2.00 ,,,,1952,Youthful,
indian fighter,16,VG,$2.00 ,,,,1953,Youthful,
indian warriors,7,FN,$3.00 ,,,,1951,Star Publications,
intimate confessions,1,NM,$10.00 ,,,,1951,Avon,
intimate confessions,2,VG,$2.00 ,,,,1951,Avon,
intimate confessions,4,NM+,$5.00 ,,,,1952,Avon,
intimate confessions,5,FN,$3.00 ,,,,1952,Avon,
intimate confessions,6,FN,$3.00 ,,,,1952,Avon,
intimate confessions,7,FN,$3.00 ,,,,1952,Avon,
intimate confessions,8,FN,$4.00 ,,,,1953,Avon,
intimate love,6,FN,$3.00 ,,,,1950,Standard,
intimate love,9,VG,$2.00 ,,,,1950,Standard,
intimate love,10,VG,$2.00 ,,,,1951,Standard,
intimate love,13,FN,$3.00 ,,,,1951,Standard,
intimate love,14,FN,$3.00 ,,,,1951,Standard,
intimate love,18,NM,$4.00 ,,,,1952,Standard,
intimate love,20,NM,$4.00 ,,,,1952,Standard,
invisible scarlett o'neil,1,NM+,$25.00 ,,,,1950,Harvey,
invisible scarlett o'neil,2,NM,$14.00 ,,,,1951,Harvey,
invisible scarlett o'neil,3,FN,$11.00 ,,,,1951,Harvey,
iron vic,3,NM,$4.00 ,,,,1940,United Features Syndicate,
it really happened,2,NM+,$5.00 ,,,,1945,Standard,
it really happened,3,NM,$4.00 ,,,,1945,Standard,
it really happened,4,NM,$4.00 ,,,,1945,Standard,
